Date,Open,High,Low,Close,Adj Close,Volume
1/3/2017,26.1,26.592501,24.844999,25.502501,25.15366,150199600
1/4/2017,25.85,26.375,25.3825,26.0975,25.740519,119922000
1/5/2017,26.1325,26.455,25.262501,25.434999,25.08708,98429600
1/6/2017,25.7125,26.0625,25.299999,25.775,25.422428,82285600
1/9/2017,25.875,27,25.875,26.82,26.453133,91624800
1/10/2017,26.952499,27.297501,26.407499,26.6175,26.253405,88092000
1/11/2017,26.5,26.549999,26.0375,26.290001,25.930378,52566400
1/12/2017,26.057501,26.174999,25.405001,25.860001,25.506264,62561600
1/13/2017,25.9,26.25,25.764999,25.8575,25.503799,45782000
1/17/2017,25.75,25.799999,25.1425,25.2775,24.931736,58061200
1/18/2017,25.059999,25.807501,24.7775,25.737499,25.385445,65442400
1/19/2017,25.7675,26.615,25.745001,26.290001,25.930378,64487200
1/20/2017,26.52,26.700001,25.780001,26.002501,25.64682,49202400
1/23/2017,25.950001,26.475,25.924999,26.272499,25.913122,36990400
1/24/2017,26.375,26.895,26.225,26.8325,26.46546,42805200
1/25/2017,27.262501,27.325001,26.5825,26.9475,26.578892,52276000
1/26/2017,26.975,27.487499,26.674999,27.4125,27.037527,45880000
1/27/2017,27.4825,27.9725,27.2125,27.942499,27.560278,47199600
1/30/2017,27.73,27.752501,26.977501,27.504999,27.128763,49600400
1/31/2017,27.237499,27.512501,27.049999,27.295,26.921637,36275600
2/1/2017,27.645,28.530001,27.465,28.487499,28.09782,59000400
2/2/2017,28.325001,28.934999,28.014999,28.8475,28.452896,48324000
2/3/2017,28.862499,28.975,28.475,28.594999,28.20385,37274400
2/6/2017,28.5,29.3325,28.5,29.327499,28.926334,50676800
2/7/2017,29.674999,30.23,29.475,29.782499,29.375107,74622400
2/8/2017,29.6,29.827499,29.094999,29.6525,29.246885,44958000
2/9/2017,29.715,29.764999,28.9,29.094999,28.697018,84256800
2/10/2017,29.9825,30.174999,28.15,28.405001,28.016455,165109200
2/13/2017,28.3475,28.495001,27.049999,27.094999,26.724373,118072400
2/14/2017,26.997499,27.5375,26.5725,27.195,26.823,85063200
2/15/2017,27.225,27.450001,26.940001,27.25,26.877251,37302000
2/16/2017,27.3475,27.360001,26.415001,26.8125,26.445738,64717600
2/17/2017,26.674999,26.852501,26.1975,26.807501,26.440804,56374000
2/21/2017,27.057501,27.807501,27.055,27.7675,27.387667,55195200
2/22/2017,27.855,27.950001,27.497499,27.690001,27.345701,43377200
2/23/2017,26.375,26.5975,24.92,25.122499,24.810129,159288800
2/24/2017,24.2675,25.5,23.924999,25.365,25.049608,102990400
2/27/2017,25.549999,26.254999,25.389999,26.102501,25.777937,71540000
2/28/2017,26.200001,26.299999,25.195,25.370001,25.054552,62536000
3/1/2017,25.9475,26.092501,25.2775,25.6975,25.377977,50480400
3/2/2017,25.567499,25.709999,24.7225,24.75,24.442255,75433200
3/3/2017,24.6425,24.692499,24.055,24.6075,24.301529,86469200
3/6/2017,24.24,24.525,23.7925,24.4175,24.113895,88356800
3/7/2017,24.4175,24.8825,24.2875,24.684999,24.378065,60340000
3/8/2017,25.174999,25.325001,24.6175,24.639999,24.333626,63871200
3/9/2017,24.477501,24.862499,24.35,24.635,24.328688,47806000
3/10/2017,24.9025,25.022499,24.594999,24.780001,24.471884,49974000
3/13/2017,24.885,25.5625,24.877501,25.4625,25.145893,77413600
3/14/2017,25.592501,25.6875,25.1175,25.445,25.128618,52201600
3/15/2017,25.5625,25.747499,25.08,25.637501,25.318722,61503600
3/16/2017,25.745001,25.9575,25.602501,25.952499,25.629803,52310000
3/17/2017,26.129999,26.530001,25.952499,26.5175,26.187782,111968800
3/20/2017,26.695,27.4025,26.532499,27.362499,27.02227,74856800
3/21/2017,27.1875,27.49,26.397499,26.477501,26.148277,91348400
3/22/2017,26.365,27.065001,26.325001,27.0175,26.681562,61676400
3/23/2017,26.9375,27.139999,26.674999,26.772499,26.439608,53394000
3/24/2017,27.2425,27.3225,26.605,26.8675,26.533424,43950000
3/27/2017,26.395,27.102501,25.895,27.0625,26.726004,50664400
3/28/2017,27.075001,27.2225,26.817499,26.922501,26.587744,43244400
3/29/2017,26.997499,27.122499,26.8125,26.834999,26.501328,34999200
3/30/2017,26.907499,27.5,26.85,27.35,27.00993,52553200
3/31/2017,27.252501,27.4725,27.1,27.2325,26.893887,44080800
4/3/2017,27.237499,27.4125,26.855,27.094999,26.758102,44523200
4/4/2017,25.85,26.105,25.084999,25.195,24.881723,127128000
4/5/2017,25.004999,25.592501,24.875,25.0075,24.696554,74704800
4/6/2017,25.059999,25.3125,24.602501,25.190001,24.876783,63512000
4/7/2017,25.254999,25.432501,24.93,25.0825,24.770622,42906800
4/10/2017,25.09,25.157499,24.4,24.442499,24.138578,75633200
4/11/2017,24.137501,24.725,24.0875,24.530001,24.224991,61814800
4/12/2017,24.530001,24.674999,24.275,24.327499,24.025009,41409200
4/13/2017,24.0825,24.3025,23.872499,23.872499,23.575672,50689200
4/17/2017,24.002501,24.809999,23.950001,24.807501,24.499041,49729200
4/18/2017,24.6625,24.885,24.4,24.8225,24.513853,37011600
4/19/2017,25,25.245001,24.852501,24.92,24.610142,38082800
4/20/2017,25.067499,25.362499,24.852501,25.315001,25.000233,40401600
4/21/2017,25.209999,25.4475,25.09,25.42,25.10393,34189600
4/24/2017,25.74,25.870001,25.5275,25.737499,25.41748,37182000
4/25/2017,25.885,26.3325,25.6675,26.184999,25.859417,38844000
4/26/2017,26.3225,26.3475,25.985001,26.004999,25.681652,32700400
4/27/2017,26.08,26.495001,25.897499,26.41,26.081615,31970000
4/28/2017,26.34,26.41,26.0175,26.075001,25.750782,34824800
5/1/2017,26.184999,26.7125,26.112499,26.66,26.32851,30773200
5/2/2017,26.387501,26.4,25.639999,25.870001,25.548332,62997200
5/3/2017,25.799999,26.16,25.65,26.0625,25.738436,33690400
5/4/2017,26.125,26.237499,25.8825,25.9625,25.639681,20978800
5/5/2017,25.844999,26.0375,25.6875,25.965,25.642143,22842800
5/8/2017,26.084999,26.1,25.577499,25.692499,25.373035,36524000
5/9/2017,25.75,26.2325,25.665001,25.735001,25.415007,84767200
5/10/2017,28.5725,30.455,28.504999,30.3225,29.945469,212909600
5/11/2017,30.012501,32.607498,29.977501,31.625,31.231771,193979200
5/12/2017,31.657499,32.400002,31.445,31.9725,31.574947,96262000
5/15/2017,32.389999,33.602501,32.345001,33.577499,33.159988,108754000
5/16/2017,34.095001,34.360001,33.34,34.202499,33.777218,112070000
5/17/2017,33.525002,33.715,31.887501,31.93,31.53298,127136800
5/18/2017,32.375,33.357498,31.762501,33.267502,32.853848,115603200
5/19/2017,34.2575,34.555,33.805,34,33.612606,101837200
5/22/2017,34.442501,34.869999,34.3325,34.724998,34.329338,83660800
5/23/2017,34.924999,34.947498,33.927502,34.2575,33.867176,68124800
5/24/2017,35.240002,35.267502,34.52,34.642502,34.247784,81599600
5/25/2017,35,35.0075,34.110001,34.564999,34.171169,60822800
5/26/2017,34.482498,36.32,34.2775,35.459999,35.055973,77914000
5/30/2017,35.924999,36.572498,35.762501,36.217499,35.804829,98965200
5/31/2017,36.672501,36.75,35.512501,36.087502,35.676319,88731600
6/1/2017,36.247501,36.2575,35.630001,36.09,35.678783,50334000
6/2/2017,36.060001,36.325001,35.849998,35.91,35.500847,48745600
6/5/2017,35.744999,37.1325,35.627499,37.002499,36.580894,81737600
6/6/2017,36.955002,37.422501,36.700001,36.834999,36.415291,75872800
6/7/2017,37.0825,37.470001,36.924999,37.279999,36.855236,61261200
6/8/2017,38.365002,40,37.947498,39.985001,39.529408,116174400
6/9/2017,41.185001,42.125,35.6875,37.400002,36.973866,369292800
6/12/2017,36.470001,37.924999,35.5275,37.4925,37.065315,169753200
6/13/2017,38.599998,38.692501,36.412498,37.849998,37.418732,167250400
6/14/2017,37.880001,38.514999,37.125,37.93,37.497822,118464000
6/15/2017,36.740002,38.400002,36.625,38.092499,37.658474,96382400
6/16/2017,38.189999,38.674999,37.560001,37.904999,37.473106,92496000
6/19/2017,38.352501,39.3825,38.314999,39.330002,38.881874,77817600
6/20/2017,39.7575,40.435001,39.23,39.272499,38.825024,109544400
6/21/2017,39.552502,39.904999,38.924999,39.8675,39.413246,68265200
6/22/2017,39.950001,40.084999,39.349998,39.592499,39.141388,46913200
6/23/2017,39.669998,39.830002,38.305,38.4575,38.019325,108858800
6/26/2017,38.790001,39.150002,37.0825,38.037498,37.604099,106396000
6/27/2017,37.860001,37.947498,36.587502,36.645,36.227467,99949200
6/28/2017,37.330002,37.985001,36.4375,37.9375,37.505234,99494800
6/29/2017,37.650002,37.68,36.02,36.669998,36.252178,106442400
6/30/2017,36.845001,36.982498,35.875,36.139999,35.728218,73106000
7/3/2017,36.262501,36.412498,34.645,34.8325,34.435623,70907200
7/5/2017,35.474998,36.055,35.282501,35.762501,35.355019,82018800
7/6/2017,35.467499,36.345001,34.939999,35.869999,35.4613,74628400
7/7/2017,36.445,36.875,36.212502,36.689999,36.27195,65497200
7/10/2017,37.435001,38.5,37.169998,38.424999,37.98719,95849200
7/11/2017,38.462502,39.047501,38.037498,38.970001,38.52599,75795600
7/12/2017,39.575001,40.75,39.139999,40.627499,40.164593,114520800
7/13/2017,40.75,41.575001,39.6875,40.157501,39.69994,136913200
7/14/2017,40.322498,41.252499,40.252499,41.237499,40.767639,94194800
7/17/2017,41.5825,41.875,40.4375,41.0625,40.594631,93079200
7/18/2017,40.445,41.637501,40.325001,41.490002,41.017273,77664000
7/19/2017,41.5825,41.849998,41.1525,41.275002,40.804718,68704400
7/20/2017,41.482498,41.877499,40.977501,41.875,41.397877,69959600
7/21/2017,41.6675,42.325001,41.522499,42.025002,41.546177,64833200
7/24/2017,42.0975,42.195,41.43,41.537498,41.064213,65252400
7/25/2017,41.305,41.482498,40.895,41.337502,40.866508,49655600
7/26/2017,41.919998,42.482498,41.462502,41.814999,41.338558,64040400
7/27/2017,42.067501,42.185001,39.389999,40.435001,39.974289,78285600
7/28/2017,40.072498,41.345001,39.82,41.0975,40.629234,51334800
7/31/2017,41.235001,41.599998,40.154999,40.627499,40.164593,55967200
8/1/2017,40.532501,41.139999,40.25,41.122501,40.653957,43138400
8/2/2017,41.4375,41.477501,40.317501,41.0975,40.629234,47844400
8/3/2017,41.092499,41.657501,40.919998,41.619999,41.14579,44242000
8/4/2017,41.849998,42.517502,41.619999,41.802502,41.326202,58909600
8/7/2017,42.0975,43.092499,42,43.087502,42.596561,71741200
8/8/2017,43.4725,43.639999,42.177502,42.575001,42.089901,75533600
8/9/2017,42.107498,43.052502,41.9175,43.0275,42.537251,53078400
8/10/2017,43.040001,43.165001,41.0825,41.185001,40.715733,132808800
8/11/2017,39.285,39.75,38.227501,38.990002,38.545738,149719600
8/14/2017,39.9175,42.137501,39.799999,42.099998,41.620316,127902000
8/15/2017,42.1525,42.4175,41.397499,41.744999,41.269356,76453200
8/16/2017,41.897499,42.134998,40.959999,41.287498,40.81707,59663200
8/17/2017,41.202499,41.375,40.345001,40.3675,39.907555,52544400
8/18/2017,40.9175,41.09,39.91,40.375,39.914963,60120400
8/21/2017,40.622501,40.737499,39.342499,39.787498,39.334156,62367200
8/22/2017,40.122501,40.697498,39.927502,40.637501,40.209846,45045600
8/23/2017,40.299999,41.5625,40.212502,41.450001,41.013798,57952000
8/24/2017,41.775002,41.82,41.029999,41.297501,40.862907,46970000
8/25/2017,41.5425,41.645,40.887501,40.952499,40.521534,35720000
8/28/2017,41.145,41.275002,40.5825,41.2425,40.808479,38949600
8/29/2017,40.647499,41.395,40.564999,41.174999,40.741692,32409600
8/30/2017,41.375,41.532501,41.067501,41.419998,40.984104,38440000
8/31/2017,41.625,42.400002,41.549999,42.360001,41.91423,61268400
9/1/2017,42.487499,42.974998,42.400002,42.615002,42.166534,44543200
9/5/2017,42.095001,42.145,40.889999,41.477501,41.041008,69536400
9/6/2017,41.810001,41.950001,41.099998,41.452499,41.01627,39767200
9/7/2017,41.622501,41.9725,41.237499,41.645,41.206749,35286800
9/8/2017,41.5275,41.677502,40.677502,40.922501,40.491848,49885600
9/11/2017,41.384998,42.357498,41.330002,42.25,41.805382,56744400
9/12/2017,42.5,42.5,41.7425,42.4025,41.956268,41148800
9/13/2017,42.147499,42.884998,41.82,42.592499,42.144272,58096000
9/14/2017,42.197498,43.139999,41.950001,42.349998,41.904324,51371200
9/15/2017,43.215,45.0275,43.162498,45.0275,44.553654,136479200
9/18/2017,46.285,47.799999,46.215,46.887501,46.394073,168446000
9/19/2017,46.377499,47.462502,46.154999,46.837502,46.344604,87428000
9/20/2017,46.875,47.355,46.052502,46.459999,45.971073,72492000
9/21/2017,45.41,45.674999,44.4025,45.189999,44.714436,107560000
9/22/2017,45.075001,45.577499,44.650002,44.75,44.27906,49123200
9/25/2017,44.4375,44.450001,42.540001,42.75,42.300114,87458000
9/26/2017,44.112499,44.669998,42.587502,42.990002,42.537601,112562000
9/27/2017,43.904999,44.067501,43.1875,43.932499,43.470165,71372000
9/28/2017,44.005001,44.044998,43.439999,43.919998,43.457806,43524400
9/29/2017,44.77,44.932499,44.3125,44.692501,44.222176,61909200
10/2/2017,45.200001,45.494999,44.25,44.75,44.27906,50348000
10/3/2017,44.8125,45.145,44.395,44.842499,44.370594,39033200
10/4/2017,44.904999,45.442501,44.535,45.217499,44.741653,42784800
10/5/2017,45.465,45.5,44.889999,45.192501,44.716915,43736400
10/6/2017,44.912498,45.459999,44.75,45.325001,44.848019,31880000
10/9/2017,45.697498,46.682499,45.5075,46.3475,45.859756,56349200
10/10/2017,47.857498,48.237499,46.814999,47.232498,46.735443,97487600
10/11/2017,47.400002,47.75,46.935001,47.735001,47.232651,52950800
10/12/2017,47.77,48.272499,47.482498,47.7575,47.254929,52829200
10/13/2017,48.387501,48.75,47.912498,48.647499,48.135548,62872800
10/16/2017,48.950001,49.512501,48.310001,49.482498,48.961765,57664000
10/17/2017,49.272499,49.724998,49.087502,49.4375,48.917244,47859600
10/18/2017,49.5275,49.535,48.330002,49.395,48.875187,56731600
10/19/2017,48.610001,49.5,48.112499,49.450001,48.929611,57077200
10/20/2017,49.622501,49.897499,49.134998,49.224998,48.706978,45162000
10/23/2017,49.445,49.712502,48.950001,49.154999,48.637707,42869600
10/24/2017,49.247501,49.6875,48.985001,49.669998,49.147289,40724400
10/25/2017,49.27,49.805,47.7925,48.415001,47.905502,82816000
10/26/2017,48.695,49.040001,48.452499,48.922501,48.407665,32274400
10/27/2017,49.450001,50.467499,49.1875,50.465,49.933937,57219200
10/30/2017,50.465,51.522499,50.305,50.959999,50.423725,50405600
10/31/2017,51.282501,51.9725,51.224998,51.702499,51.158401,41190800
11/1/2017,52.337502,52.4925,51.150002,51.799999,51.254875,50257600
11/2/2017,51.5,51.952499,50.912498,51.485001,50.943188,34230800
11/3/2017,51.799999,52.172501,51.334999,52.172501,51.623463,35364000
11/6/2017,51.799999,52.494999,51.674999,52.407501,51.855991,38994400
11/7/2017,52.637501,53.224998,52.514999,53.0075,52.449661,42770000
11/8/2017,52.962502,53,51.810001,52.290001,51.739716,52298800
11/9/2017,51.317501,51.5825,50.092499,51.330002,50.789818,97856400
11/10/2017,53.27,54.6675,52.907501,54.035,53.466358,125325600
11/13/2017,54.035,54.2925,53.002499,53.157501,52.598103,58237600
11/14/2017,53.25,53.700001,52.807499,53.544998,52.981514,52929200
11/15/2017,52.987499,53,51.950001,52.494999,51.942566,50194800
11/16/2017,53.244999,53.549999,52.8125,52.9025,52.345772,44176800
11/17/2017,53.48,53.837502,52.6875,52.84,52.283928,51566400
11/20/2017,52.997501,53.642502,52.625,53.52,52.956776,39610000
11/21/2017,53.922501,54.130001,53.599998,54.012501,53.444092,39917600
11/22/2017,54.25,54.25,53.4025,53.732498,53.203983,35664000
11/24/2017,53.897499,54.25,53.650002,54.240002,53.706497,18075200
11/27/2017,54.327499,54.34,53.502499,53.535,53.008419,42289600
11/28/2017,53.587502,53.682499,52.060001,52.677502,52.159363,51275200
11/29/2017,52.502499,52.529999,47.807499,49.105,48.621994,139678800
11/30/2017,49.799999,50.669998,49.162498,50.177502,49.683956,82376800
12/1/2017,49.827499,50.032501,48.1175,49.419998,48.933895,81154800
12/4/2017,50.012501,50.075001,46.125,46.665001,46.205994,124084400
12/5/2017,45.599998,48.174999,45.145,46.935001,46.473331,98148800
12/6/2017,46.424999,47.535,46.209999,47.314999,46.849586,46703200
12/7/2017,47.990002,48.400002,47.529999,47.997501,47.525387,54260000
12/8/2017,48.502499,48.695,47.787498,47.872501,47.401623,46687600
12/11/2017,48.014999,48.695,47.855,48.665001,48.186321,37274800
12/12/2017,48.224998,48.459999,47.4725,47.709999,47.240719,45501600
12/13/2017,48.125,48.137501,46.470001,46.544998,46.08717,55428000
12/14/2017,46.48,47.334999,46.150002,46.6175,46.158955,43816400
12/15/2017,47.0625,48.095001,46.404999,47.889999,47.418949,67003600
12/18/2017,48.299999,49.505001,48,49.474998,48.98835,47770400
12/19/2017,49.380001,49.432499,48.740002,49.0275,48.545261,37310000
12/20/2017,49.424999,49.517502,48.637501,49.200001,48.716064,28882000
12/21/2017,49.235001,49.487499,48.887501,48.9725,48.490799,30090400
12/22/2017,48.599998,48.912498,47.8125,48.817501,48.337326,46627600
12/26/2017,48.2575,49.4375,47.955002,49.360001,48.874496,35508000
12/27/2017,49.224998,49.9925,49.077499,49.2925,48.807652,32948800
12/28/2017,49.532501,49.845001,49.287498,49.349998,48.864586,24024800
12/29/2017,49.615002,49.615002,48.375,48.375,47.899181,27996400
1/2/2018,48.945,49.875,48.625,49.837502,49.347286,35561600
1/3/2018,51.025002,53.424999,50.9375,53.1175,52.595024,91470400
1/4/2018,53.939999,54.512501,53.172501,53.397499,52.872272,58326800
1/5/2018,53.547501,54.227501,52.77,53.849998,53.320324,58012400
1/8/2018,55.099998,56.25,54.645,55.5,54.954086,88121600
1/9/2018,55.555,55.955002,54.66,55.485001,54.93924,49700000
1/10/2018,54.549999,55.955002,54,55.919998,55.369965,58266400
1/11/2018,56.25,56.567501,55.802502,56.02,55.468983,40603200
1/12/2018,55.900002,56.247501,55.334999,55.744999,55.196682,35991600
1/16/2018,56.012501,56.877499,54.172501,55.0275,54.48624,70234800
1/17/2018,55.174999,56.279999,54.224998,56.18,55.627403,53840800
1/18/2018,55.985001,56.66,55.669998,56.110001,55.558098,40863200
1/19/2018,57.022499,57.772499,56.75,57.5275,56.961651,60938000
1/22/2018,57.607498,58.439999,57.025002,58.422501,57.847843,55094400
1/23/2018,58.962502,59.9575,58.775002,59.727501,59.140022,47522800
1/24/2018,59.759998,60.122501,58.387501,58.950001,58.370167,57997200
1/25/2018,59.5,59.9375,58.9375,59.087502,58.506306,40988400
1/26/2018,59.529999,60.834999,59.400002,60.8325,60.234131,51635600
1/29/2018,60.685001,62.0275,60.1525,61.712502,61.105495,45511600
1/30/2018,60.2775,61.605,59.602501,60.68,60.083138,57083200
1/31/2018,61.442501,62.317501,61.112499,61.450001,60.84557,47857600
2/1/2018,59.630001,61.724998,59.514999,60.125,59.533604,51922400
2/2/2018,59.25,59.4925,57.7925,58.380001,57.805759,71846400
2/5/2018,56.75,58.307499,51.25,53.424999,52.899498,116520400
2/6/2018,51.099998,56.424999,51,56.395,55.84029,111480000
2/7/2018,57.395,58.7425,56.674999,57.200001,56.637367,80293200
2/8/2018,58.470001,58.805,54.377499,54.380001,53.845104,114400000
2/9/2018,59.5625,59.7225,54.380001,58.02,57.449299,167460400
2/12/2018,58.84,58.869999,56.2575,57.0075,56.446766,109317200
2/13/2018,56.639999,58.625,56.3125,58.157501,57.585461,62552400
2/14/2018,57.75,60.647499,57.637501,60.355,59.761341,74498800
2/15/2018,61.197498,62.092499,60.380001,61.625,61.018848,69890000
2/16/2018,61.349998,62.5,60.8675,60.959999,60.360382,63765600
2/20/2018,61.1875,62.967499,61.150002,62.27,61.657494,68624000
2/21/2018,62.922501,62.9925,60.34,60.377499,59.783611,89229200
2/22/2018,60.682499,61.407501,59.875,60.537498,59.979294,53436400
2/23/2018,61.142502,61.482498,60.630001,61.482498,60.915588,41530000
2/26/2018,61.950001,61.994999,61.014999,61.645,61.076584,46931200
2/27/2018,61.375,62.227501,61.282501,61.514999,60.947777,45543600
2/28/2018,61.625,62.025002,60.3825,60.5,59.942131,52311600
3/1/2018,60.477501,61.022499,57.029999,58.052502,57.517216,104012000
3/2/2018,56.965,59.200001,55.462502,59.134998,58.589725,91342800
3/5/2018,58.627499,59.3125,57.380001,58.912498,58.369274,62077600
3/6/2018,59.775002,60.735001,59.34,60.540001,59.981781,63680800
3/7/2018,59.5,60.987499,59.487499,60.459999,59.902512,58120800
3/8/2018,60.737499,60.737499,59.8475,60.294998,59.73904,41191200
3/9/2018,60.775002,61.462502,60.612499,61.3325,60.76696,50552400
3/12/2018,61.75,63.25,61.6675,62.439999,61.864246,60506000
3/13/2018,62.872501,63.625,61.509998,61.927502,61.35648,61977200
3/14/2018,62.362499,62.637501,61.555,62.185001,61.611607,50549600
3/15/2018,62.322498,63.154999,61.91,62.334999,61.76022,40195200
3/16/2018,62.5,62.8125,62.119999,62.619999,62.042587,39945600
3/19/2018,62.044998,62.337502,59.25,60.25,59.694443,71377200
3/20/2018,60.279999,62.787498,60.279999,62.395,61.819668,55469600
3/21/2018,62.330002,63,61.8325,62.139999,61.56702,43868800
3/22/2018,61.5,61.970001,60.084999,60.462502,59.904987,55119600
3/23/2018,60.599998,60.625,58.130001,58.2425,57.705456,73562000
3/26/2018,59.5,61.1325,58.974998,61.119999,60.556423,61142400
3/27/2018,61.9375,62.5,54.962502,56.380001,55.860126,140900000
3/28/2018,56.032501,57.3475,54.25,55.337502,54.827251,94590400
3/29/2018,56.0275,58.875,55.174999,57.897499,57.363644,91662800
4/2/2018,57.185001,58.662498,54.375,55.262501,54.75293,92209200
4/3/2018,56.950001,57.587502,55.337502,56.337502,55.81802,66743200
4/4/2018,53.752499,56.665001,53.5,56.560001,56.038471,78916800
4/5/2018,57.150002,57.282501,54.622501,55.345001,54.834679,70124000
4/6/2018,54.307499,55.400002,53.267502,53.5625,53.068611,66298800
4/9/2018,54.200001,55.4925,53.650002,53.852501,53.355942,49952400
4/10/2018,56.18,57.25,55.602501,56.977501,56.452129,76167600
4/11/2018,56.827499,57.244999,56.23,56.560001,56.038471,46024400
4/12/2018,57.5,58.830002,57.052502,58.650002,58.1092,59392000
4/13/2018,59.2925,59.377499,57.387501,57.875,57.341347,50303600
4/16/2018,57.942501,58.209999,56.919998,57.872501,57.338871,35079200
4/17/2018,58.400002,59.599998,57.837502,59.384998,58.837414,44722400
4/18/2018,58.875,59.8125,58.192501,59.092499,58.547619,39136400
4/19/2018,57.9375,58.275002,56.700001,57.259998,56.732014,47199600
4/20/2018,57.172501,58.025002,56.862499,57.177502,56.65028,38620000
4/23/2018,57.357498,57.875,55.7075,55.970001,55.453911,42750800
4/24/2018,56.23,57.200001,54.639999,55.299999,54.790089,41459600
4/25/2018,55,55.395,52.575001,54.165001,53.665554,58849200
4/26/2018,55.799999,56.387501,55.1325,56.305,55.785828,37582400
4/27/2018,57.375,57.575001,56.154999,56.5825,56.060757,40084800
4/30/2018,56.747501,57.25,56.029999,56.224998,55.706558,32784400
5/1/2018,56.142502,56.8125,55.549999,56.785,56.261398,25378800
5/2/2018,56.75,57.200001,56.3125,56.577499,56.055813,26824800
5/3/2018,56.900002,58.512501,56.442501,58.247501,57.710415,44314400
5/4/2018,57.9575,59.797501,57.782501,59.764999,59.213921,40066000
5/7/2018,60.822498,62.747501,60.7225,62.169998,61.596737,68761600
5/8/2018,62.172501,62.627499,61.677502,62.599998,62.02277,50661600
5/9/2018,62.802502,63.967499,62.5275,63.945,63.35537,59676000
5/10/2018,64.480003,65.125,64.300003,65.032501,64.432846,99408000
5/11/2018,63.195,64.947502,62.634998,63.6325,63.045753,121445600
5/14/2018,64.017502,64.622498,63.599998,63.84,63.251343,52314000
5/15/2018,63.197498,63.224998,60.375,61.389999,60.823936,96352800
5/16/2018,61,62.130001,60.627499,61.502499,60.93539,55382800
5/17/2018,61.52,62.875,61.357498,61.927502,61.35648,51978400
5/18/2018,62.452499,63.092499,61.435001,61.485001,60.918056,48371600
5/21/2018,62.470001,62.5075,60.122501,61.060001,60.496983,64062400
5/22/2018,61.195,61.450001,60.0625,60.674999,60.11552,51826400
5/23/2018,60.07,61.897499,60.0625,61.884998,61.352283,44295600
5/24/2018,61.8475,62.349998,61.310001,61.922501,61.389465,43737200
5/25/2018,62.049999,62.485001,61.689999,62.32,61.783546,29211200
5/29/2018,62.137501,62.834999,61.674999,62.147499,61.612526,35268400
5/30/2018,62.487499,63.334999,62.237499,63.247501,62.70306,39099600
5/31/2018,62.924999,63.799999,62.817501,63.047501,62.504776,49386800
6/1/2018,63.5,64.467499,63.412498,64.404999,63.850586,42196800
6/4/2018,64.75,66.434998,64.425003,66.212502,65.642548,64202400
6/5/2018,66.245003,66.647499,65.792503,66.267502,65.697067,39171200
6/6/2018,65.357498,66.32,65.192497,66.287498,65.716904,37135600
6/7/2018,66.25,66.370003,64.8125,65.724998,65.159225,36944800
6/8/2018,64.989998,66,64.800003,65.57,65.005569,36045600
6/11/2018,65.442497,65.862503,65.025002,65.154999,64.594131,26537200
6/12/2018,65.422501,65.767502,64.915001,65.644997,65.079918,31916000
6/13/2018,65.660004,66.417503,65.5075,65.599998,65.035294,33820800
6/14/2018,66.055,67.300003,65.904999,66.727501,66.153099,43001600
6/15/2018,66.150002,66.870003,65.837502,66.315002,65.744171,43226000
6/18/2018,65.870003,66.449997,65.595001,66.272499,65.702026,35626800
6/19/2018,65.230003,65.910004,63.755001,65.042503,64.48262,59493200
6/20/2018,65.457497,66.112503,65.07,65.577499,65.012993,36978000
6/21/2018,65.900002,66.084999,64.199997,64.277496,63.724186,35951600
6/22/2018,64.487503,64.622498,62.5825,62.737499,62.197449,43416000
6/25/2018,61.662498,61.700001,58.884998,59.779999,59.265408,66581600
6/26/2018,60.924999,61.412498,59.977501,60.497501,59.976734,47888400
6/27/2018,60.9375,61.607498,58.875,58.93,58.422729,45389200
6/28/2018,58.830002,60.334999,58.752499,60.215,59.696663,33801200
6/29/2018,60.872501,61,59.212502,59.224998,58.715187,39230000
7/2/2018,58.522499,60.5975,58.314999,60.560001,60.038692,35757200
7/3/2018,60.91,60.970001,59.125,59.209999,58.700317,22273200
7/5/2018,59.767502,60.732498,59.375,60.682499,60.160137,30621600
7/6/2018,60.435001,61.9175,60.220001,61.8325,61.30024,29635200
7/9/2018,62.5825,62.68,61.517502,62.3125,61.776108,30388000
7/10/2018,62.4375,63.535,62.029999,63.3125,62.767494,36001600
7/11/2018,62.375,62.724998,61.775002,61.8825,61.349812,36750800
7/12/2018,62.34,63.2925,62.240002,62.807499,62.26685,34550800
7/13/2018,62.994999,62.994999,61.904999,62.330002,61.793465,24698800
7/16/2018,62.049999,62.584999,61.924999,62.049999,61.515873,19703600
7/17/2018,61.552502,63.575001,61.294998,63.422501,62.876553,36213600
7/18/2018,63.3475,63.487499,62.41,62.924999,62.383335,27764000
7/19/2018,62.735001,63.3475,62.5825,63.0075,62.46513,23575200
7/20/2018,62.982498,63.375,62.612499,62.7225,62.182575,22235200
7/23/2018,62.455002,62.4725,60.82,62.352501,61.815762,30158400
7/24/2018,62.837502,63.712502,62,62.177502,61.642269,35462000
7/25/2018,62.272499,63.095001,61.6875,62.967499,62.425465,31911200
7/26/2018,62.764999,64.082497,62.595001,63.709999,63.161572,32512400
7/27/2018,64.080002,64.150002,62.459999,63.005001,62.462646,29542000
7/30/2018,63.147499,63.2075,60.68,61.032501,60.507133,34034000
7/31/2018,60.927502,61.970001,60.535,61.215,60.688057,28398800
8/1/2018,61.532501,62.09,60.9725,61.6175,61.087093,28355600
8/2/2018,60.897499,62.695,60.302502,62.654999,62.115654,26966800
8/3/2018,62.9025,63.264999,62.732498,63.025002,62.482471,21428800
8/6/2018,62.897499,63.5425,62.427502,63.5075,62.960827,20750800
8/7/2018,64,64.425003,63.73,64.237503,63.68454,25813200
8/8/2018,64.25,65.059998,63.897499,64.605003,64.048882,26210000
8/9/2018,64.785004,64.8125,64.037498,64.114998,63.563099,20428000
8/10/2018,63.287498,64.025002,63.174999,63.697498,63.149189,25639600
8/13/2018,63.785,65.25,63.767502,64.029999,63.478821,37520800
8/14/2018,65.095001,65.5,64.254997,65.357498,64.794891,46622000
8/15/2018,65.567497,65.910004,63.974998,64.769997,64.212448,59113600
8/16/2018,65.474998,65.5,63.752499,64.360001,63.805981,80126000
8/17/2018,63.235001,63.2425,60.932499,61.205002,60.678143,114318800
8/20/2018,60.794998,63.299999,59.68,61.959999,61.426647,85438800
8/21/2018,62.125,63.375,61.924999,63.330002,62.784851,67398800
8/22/2018,63,65.754997,62.965,65.705002,65.139397,74985600
8/23/2018,65.315002,67.370003,65.175003,66.709999,66.135757,72068400
8/24/2018,66.794998,68.202499,66.75,68.055,67.469177,53151200
8/27/2018,68.355003,69.724998,68.037498,68.974998,68.381256,50577600
8/28/2018,68.915001,69.144997,67.3825,68.595001,68.004532,47538400
8/29/2018,68.480003,69.875,68.269997,69.622498,69.060944,42010800
8/30/2018,69.307503,70.43,69.080002,69.452499,68.892311,34660800
8/31/2018,69.25,70.300003,69.150002,70.169998,69.604019,30659200
9/4/2018,70.037498,71.305,69.75,70.925003,70.352928,39172000
9/5/2018,70.747498,71.105003,68.787498,69.605003,69.043587,39315600
9/6/2018,69.440002,69.464996,67.847504,68.18,67.630066,32279600
9/7/2018,67.25,69.232498,66.797501,67.964996,67.416801,29542000
9/10/2018,68.192497,68.982498,67.75,68.682503,68.128525,22014000
9/11/2018,68.214996,69.099998,68.004997,68.199997,67.64991,24311200
9/12/2018,67.797501,67.995003,65.480003,67.050003,66.509178,41909200
9/13/2018,67.714996,68.75,67.540001,67.834999,67.287865,30553600
9/14/2018,68.747498,69.775002,68.375,69.107498,68.550087,38693600
9/17/2018,68.849998,69.345001,68.287498,68.482498,67.930115,20552800
9/18/2018,68.522499,69.559998,67.6875,67.754997,67.208496,29952000
9/19/2018,67.567497,68.175003,67.0625,67.995003,67.446564,22486000
9/20/2018,66.762497,67.190002,66.025002,66.57,66.033073,43058400
9/21/2018,66.690002,67.150002,65.527496,65.862503,65.331261,43512800
9/24/2018,65.550003,66.459999,64.669998,66.425003,65.889214,29391200
9/25/2018,67.092499,67.355003,66.227501,67.102501,66.561256,28038800
9/26/2018,67.152496,67.559998,66.57,66.730003,66.191765,26854800
9/27/2018,67.084999,67.300003,66.532501,66.849998,66.310799,21442800
9/28/2018,68.182503,70.480003,67.900002,70.254997,69.688339,70939600
10/1/2018,71.040001,73.014999,70.650002,72.339996,71.756516,62206000
10/2/2018,72.0625,73.190002,71.394997,71.620003,71.042336,38396400
10/3/2018,72.330002,72.404999,70.6325,71.682503,71.104324,32055200
10/4/2018,71.317497,71.5625,69.044998,69.822502,69.259338,39122000
10/5/2018,69.572502,70.199997,66.885002,67.464996,66.920837,42663600
10/8/2018,66.625,67.790001,65.019997,66.442497,65.906586,40861200
10/9/2018,66.235001,67.190002,65.699997,66.385002,65.849556,27350000
10/10/2018,65.315002,65.777496,61.400002,61.422501,60.927082,68494000
10/11/2018,60.5425,61.889999,58.564999,58.782501,58.308376,72543600
10/12/2018,61.377499,62.384998,59.912498,61.634998,61.137863,60823600
10/15/2018,61.5,61.5,58.834999,58.845001,58.370373,44976000
10/16/2018,59.982498,61.57,59.485001,61.4575,60.9618,40871200
10/17/2018,62.084999,62.470001,60.27,60.764999,60.274879,32966800
10/18/2018,61.465,61.852501,59.272499,59.8825,59.399502,52402000
10/19/2018,60.439999,60.637501,56.924999,57.2925,56.830391,61360800
10/22/2018,57.82,58.830002,56.767502,57.805,57.33876,36884400
10/23/2018,55.107498,56.047501,54.177502,55.264999,54.819241,62643600
10/24/2018,54.877499,55.3475,49.712502,49.852501,49.450401,88428800
10/25/2018,48.8675,52.4375,48.419998,51.959999,51.540894,95172000
10/26/2018,49.577499,51.209999,48.279999,49.572498,49.172665,66478400
10/29/2018,50.997501,51.032501,44.002499,46.404999,46.030704,75801600
10/30/2018,46.637501,50.849998,46.404999,50.75,50.340664,80719200
10/31/2018,52.412498,53.147499,51.002499,52.7075,52.282375,74577200
11/1/2018,53.075001,54.622501,51.797501,54.5275,54.087692,56652800
11/2/2018,54.432499,55.5,52.552502,53.73,53.296619,45296000
11/5/2018,53.5975,53.8325,51.32,52.942501,52.51548,37933200
11/6/2018,52.862499,53.712502,52.389999,52.764999,52.339401,29901200
11/7/2018,53.4375,54.352501,52.794998,53.447498,53.016399,48381200
11/8/2018,52.849998,52.857498,50.9575,51.497501,51.08213,51135200
11/9/2018,50.599998,52.330002,50.259998,51.4175,51.002773,41324000
11/12/2018,50.494999,50.717499,47.165001,47.384998,47.002804,61711600
11/13/2018,48.372501,51.052502,48.310001,49.827499,49.425602,64471200
11/14/2018,51.575001,51.720001,48.2075,49.297501,48.899868,52658000
11/15/2018,49.237499,51.325001,48.875,50.5975,50.189392,84070800
11/16/2018,40.830002,42.665001,40.4025,41.107498,40.775932,196352000
11/19/2018,40.447498,40.455002,36.157501,36.174999,35.883217,169782000
11/20/2018,33.514999,38.564999,33.327499,37.27,36.969395,169203200
11/21/2018,38.654999,38.825001,35.9025,36.177502,35.885696,102549600
11/23/2018,35.827499,37.397499,35.697498,36.25,35.957623,41196800
11/26/2018,37.4725,38.3675,36.639999,38.262501,37.953876,81483200
11/27/2018,38,39.252499,37.637501,38.432499,38.122517,73806000
11/28/2018,39.619999,40.07,38.282501,40.017502,39.694729,80452400
11/29/2018,40,40.375,39.035,39.34,39.061741,54917200
11/30/2018,39.4375,40.965,38.93,40.857498,40.568504,72956400
12/3/2018,43.150002,43.669998,41.834999,42.509998,42.209309,89080400
12/4/2018,42.060001,42.110001,39.125,39.2775,38.999691,81211200
12/6/2018,37.860001,39.622501,37.702499,39.572498,39.292591,69230800
12/7/2018,39.615002,39.717499,36.404999,36.9025,36.641479,68167600
12/10/2018,36.450001,38.215,36.412498,37.965,37.696457,62947200
12/11/2018,38.889999,38.9725,36.25,37.047501,36.785458,67191200
12/12/2018,37.105,38.195,36.205002,37.224998,36.961697,65413600
12/13/2018,37.697498,38.345001,36.860001,37.2225,36.959213,47138400
12/14/2018,36.802502,37.647499,36.375,36.612499,36.353531,47182000
12/17/2018,36.310001,37.037498,35.310001,35.895,35.641109,66286800
12/18/2018,36.337502,37.5825,36.0625,36.735001,36.475159,56437200
12/19/2018,36.395,36.935001,34.107498,34.627499,34.382565,74536400
12/20/2018,34.5425,35.450001,33.172501,33.775002,33.536102,74958800
12/21/2018,34.0425,34.375,32.115002,32.392502,32.163376,86374000
12/24/2018,31.622499,32.494999,31.125,31.77,31.545282,46384000
12/26/2018,32.235001,33.285,31.115,33.275002,33.039635,69510000
12/27/2018,32.747501,33.095001,31.295,32.7925,32.560551,63704400
12/28/2018,33,34.3475,32.577499,33.412498,33.176159,62872800
12/31/2018,33.849998,34.177502,33.064999,33.375,33.138927,46514000
1/2/2019,32.66,34.619999,32.512501,34.055,33.814117,50875200
1/3/2019,33.447498,33.790001,31.922501,31.997499,31.77117,70555200
1/4/2019,32.735001,34.432499,32.424999,34.047501,33.806671,58562000
1/7/2019,34.625,36.2225,34.107498,35.849998,35.59642,70916000
1/8/2019,36.672501,36.695,34.224998,34.9575,34.710239,78601600
1/9/2019,35.474998,36.122501,34.965,35.645,35.392876,61726000
1/10/2019,35.450001,36.395,34.84,36.307499,36.050686,52315600
1/11/2019,36.0825,37.4375,35.802502,37.2075,36.944324,87476400
1/14/2019,36.68,37.865002,36.442501,37.610001,37.343975,73016800
1/15/2019,37.939999,38.337502,37.282501,37.467499,37.202484,61701200
1/16/2019,37.7425,38.075001,37.154999,37.209999,36.946796,47010400
1/17/2019,36.877499,38.3325,36.602501,37.93,37.661713,49343600
1/18/2019,38.432499,39.494999,37.912498,39.232498,38.954994,65133600
1/22/2019,38.927502,39.044998,36.887501,37.192501,36.929428,66155200
1/23/2019,37.75,38.645,37.0075,37.322498,37.058506,59102000
1/24/2019,38.174999,39.637501,38.127499,39.459999,39.180885,70897200
1/25/2019,38.860001,40.220001,37.825001,40.037498,39.754295,115457200
1/28/2019,34.137501,35.41,32.75,34.502499,34.258461,251152800
1/29/2019,34.037498,34.525002,32.752499,32.900002,32.66729,115393200
1/30/2019,33.6675,34.4925,32.865002,34.3475,34.104557,97422800
1/31/2019,34.314999,36.297501,34.095001,35.9375,35.683308,84285200
2/1/2019,36.125,36.697498,35.645,36.182499,35.926567,62504800
2/4/2019,36.342499,37.669998,36.119999,37.294998,37.031197,52859200
2/5/2019,37.415001,37.857498,37.075001,37.487499,37.222343,54242400
2/6/2019,37.822498,38.900002,37.767502,38.25,37.97945,70246400
2/7/2019,37.782501,37.805,36.422501,36.855,36.594315,63712000
2/8/2019,36.177502,37.150002,36.032501,37.0425,36.780479,46160400
2/11/2019,36.5975,37.145,36.125,36.612499,36.353531,49518000
2/12/2019,37,37.950001,36.855,37.7925,37.525177,59106000
2/13/2019,38.09,38.9575,37.952499,38.220001,37.949661,60537200
2/14/2019,38.209999,38.9175,37.775002,38.6325,38.359241,82726400
2/15/2019,40.737499,40.967499,39.105,39.334999,39.056778,151674800
2/19/2019,39.227501,39.9725,39.035,39.16,38.883003,55189200
2/20/2019,39.455002,40.314999,39.342499,39.637501,39.357136,54098800
2/21/2019,39.764999,40.012501,38.794998,38.942501,38.667046,44854800
2/22/2019,39.465,39.987499,39.327499,39.797501,39.516003,40174000
2/25/2019,40.639999,41.32,39.584999,39.672501,39.391888,65602000
2/26/2019,39.625,40.189999,38.9375,39.275002,38.997196,48846400
2/27/2019,39.130001,39.397499,38.2775,38.852501,38.577679,50025600
2/28/2019,38.75,38.974998,38.34,38.564999,38.331684,32494400
3/1/2019,39.067501,39.537498,38.48,39.112499,38.87587,35718800
3/4/2019,39.5,39.73,38.625,39.195,38.95787,40999200
3/5/2019,39.037498,39.514999,38.490002,39.130001,38.893261,36292400
3/6/2019,39.040001,39.125,37.985001,38.012501,37.78252,40352400
3/7/2019,37.775002,37.872501,36.849998,37.314999,37.089241,45010400
3/8/2019,36.415001,37.767502,36.200001,37.66,37.432163,42241600
3/11/2019,37.897499,40.514999,37.422501,40.285,40.041275,85972800
3/12/2019,40.564999,41.0975,39.797501,40.630001,40.38419,57957600
3/13/2019,41.0075,42.450001,40.932499,42.154999,41.899956,76890000
3/14/2019,42.247501,42.3675,41.3125,41.389999,41.139584,51938400
3/15/2019,41.825001,42.8825,41.790001,42.452499,42.19566,66148400
3/18/2019,42.77,43.3125,41.965,42.237499,41.98196,48699200
3/19/2019,43.189999,44.375,43.02,43.927502,43.661747,85497200
3/20/2019,44.220001,44.7575,43.25,43.599998,43.33622,71914800
3/21/2019,43.8325,46.25,43.782501,45.985001,45.706795,82431200
3/22/2019,45.709999,46.200001,44.235001,44.375,44.106533,74764400
3/25/2019,43.965,44.612499,42.7775,43.445,43.182159,52521200
3/26/2019,44.872501,45.4375,43.650002,44.217499,43.949982,70350800
3/27/2019,44.474998,44.942501,43.424999,44.125,43.85804,47437200
3/28/2019,44.387501,44.974998,43.7775,44.3125,44.044415,48026400
3/29/2019,44.985001,45.134998,44.477501,44.889999,44.618416,45689600
4/1/2019,45.814999,45.875,45.092499,45.57,45.294304,48382400
4/2/2019,45.8125,46.197498,45.380001,45.75,45.473213,44092000
4/3/2019,46.25,47.75,46.200001,47.154999,46.869709,78350400
4/4/2019,47,47.4925,46.432499,47.064999,46.780258,45737600
4/5/2019,47.5,47.912498,47.1325,47.737499,47.448689,48174400
4/8/2019,47.43,48.200001,47.1875,47.947498,47.65741,42419200
4/9/2019,47.610001,47.7225,46.889999,47.314999,47.02874,43997200
4/10/2019,47.307499,48.285,47.262501,48.025002,47.734444,44477200
4/11/2019,48.049999,48.3675,47.387501,47.884998,47.595299,37460000
4/12/2019,48.275002,48.314999,47.415001,47.502499,47.215111,47170800
4/15/2019,47.424999,47.474998,45.775002,46.174999,45.895645,44009200
4/16/2019,46.57,47.2425,46.240002,47.052502,46.767834,39496400
4/17/2019,47.404999,47.615002,46.5975,46.822498,46.539227,35100400
4/18/2019,46.889999,47.232498,46.294998,46.575001,46.293224,38098800
4/22/2019,46.337502,47.275002,46.02,47.1175,46.832443,27993600
4/23/2019,47.25,47.982498,47.1525,47.6675,47.379112,34685600
4/24/2019,47.772499,48.202499,47.16,47.7925,47.503361,31820400
4/25/2019,47.387501,47.612499,45.924999,46.727501,46.444805,49929600
4/26/2019,45.177502,45.2225,43.325001,44.522499,44.253136,86898800
4/29/2019,44.602501,45.112499,43.875,44.8325,44.561272,39192000
4/30/2019,44.5075,45.5075,44.314999,45.25,44.976238,36292000
5/1/2019,45.7775,46.202499,45.115002,45.1175,44.84454,35428000
5/2/2019,45.215,46.217499,44.779999,45.797501,45.520428,39468400
5/3/2019,45.8825,45.982498,45.1325,45.752499,45.4757,33682400
5/6/2019,43.875,45.084999,43.5,44.962502,44.690475,42217600
5/7/2019,44.474998,44.474998,42.7925,43.2775,43.015667,55522000
5/8/2019,43,44.287498,42.880001,43.48,43.216946,41916800
5/9/2019,42.785,42.8825,41.349998,42.547501,42.290092,66024800
5/10/2019,42.237499,42.897499,41,42.205002,41.949654,56950000
5/13/2019,40.875,41.107498,39.452499,39.612499,39.372837,65691200
5/14/2019,40.012501,40.865002,39.622501,40.509998,40.264912,52488000
5/15/2019,39.950001,40.262501,39.352501,39.895,39.653637,50232000
5/16/2019,39.84,40.477501,39.412498,40.047501,39.80521,78108800
5/17/2019,39.625,40.927502,38.735001,39.1325,38.895752,102206800
5/20/2019,38.137501,38.692501,37.6875,37.9375,37.707981,57206400
5/21/2019,38.549999,38.924999,38.16,38.764999,38.530472,36184800
5/22/2019,38.375,38.637501,37.939999,38.049999,37.819801,32586800
5/23/2019,37.422501,37.422501,36.227501,36.830002,36.607182,59184400
5/24/2019,37.02,37.375,36.220001,36.287498,36.067966,35758400
5/28/2019,36.465,36.794998,35.8125,35.8325,35.615715,42835600
5/29/2019,35.352501,35.705002,34.735001,35.084999,34.872742,55980000
5/30/2019,35.077499,35.4375,34.392502,34.7775,34.606552,39430000
5/31/2019,34.285,34.962502,33.8475,33.865002,33.698536,38972000
6/3/2019,33.977501,34.3675,33.150002,33.445,33.280602,47864400
6/4/2019,34.09,35.802502,33.8675,35.75,35.574276,64183600
6/5/2019,36.4925,36.547501,34.955002,35.32,35.146393,51161600
6/6/2019,35.362499,36.192501,35.337502,35.945,35.768314,40814000
6/7/2019,36.005001,36.720001,35.8125,36.375,36.196201,34885600
6/10/2019,36.939999,37.797501,36.939999,37.107498,36.925091,40278000
6/11/2019,37.709999,38.09,37.290001,37.6875,37.502254,38387200
6/12/2019,37.25,37.3125,36.397499,36.549999,36.370342,35889200
6/13/2019,36.772499,37.25,36.595001,37.064999,36.882809,30808000
6/14/2019,36.127499,36.372501,35.709999,36.16,35.982258,39442800
6/17/2019,36.142502,36.630001,35.912498,36.2575,36.079281,27604000
6/18/2019,36.875,38.7775,36.764999,38.220001,38.032135,58192000
6/19/2019,38.575001,38.689999,38.017502,38.279999,38.091835,33164400
6/20/2019,39.192501,39.3325,38.380001,38.525002,38.335632,35016800
6/21/2019,38.375,38.869999,37.875,37.939999,37.753513,43442800
6/24/2019,38.154999,38.462502,37.68,38.165001,37.977398,28294800
6/25/2019,38.215,38.970001,37.842499,37.869999,37.683849,31186800
6/26/2019,39.1525,40.43,39.022499,39.814999,39.619286,58407200
6/27/2019,40.677502,41,40.314999,40.807499,40.606907,44544000
6/28/2019,41.25,41.342499,40.587502,41.057499,40.855682,39766800
7/1/2019,43.142502,43.487499,41.165001,41.5425,41.338303,70975600
7/2/2019,41.375,41.587502,40.424999,40.557499,40.358143,40022800
7/3/2019,40.7925,40.849998,40.084999,40.6875,40.487495,24663600
7/5/2019,40.099998,40.145,39.419998,40.057499,39.860603,39655200
7/8/2019,39.4575,39.647499,39,39.302502,39.10931,32978800
7/9/2019,38.877499,39.610001,38.75,39.327499,39.134193,34286000
7/10/2019,39.764999,40.592499,39.625,40.014999,39.818314,45207600
7/11/2019,40.75,41.98,40.375,41.57,41.365658,68256000
7/12/2019,41.849998,42.6175,41.849998,41.9025,41.696529,50639200
7/15/2019,42.115002,42.2775,41.532501,41.817501,41.611946,28984000
7/16/2019,41.6675,42.0425,41.209999,41.77,41.564682,34144400
7/17/2019,41.787498,42.497501,41.4925,42.427502,42.218952,34820400
7/18/2019,42.532501,43.177502,41.962502,42.544998,42.335869,44219200
7/19/2019,42.93,42.994999,42.049999,42.110001,41.903015,34489600
7/22/2019,42.325001,42.959999,42.25,42.830002,42.619473,31594000
7/23/2019,43.224998,43.935001,43.067501,43.915001,43.699142,42817600
7/24/2019,44.349998,44.7225,43.584999,44.665001,44.445446,36623600
7/25/2019,44.247501,44.375,43.110001,43.345001,43.131931,39270000
7/26/2019,43.6175,44.237499,43.6175,43.767502,43.552368,27416000
7/29/2019,43.695,43.8675,42.817501,43.705002,43.490173,24816000
7/30/2019,43.237499,43.985001,43.092499,43.862499,43.646893,19777200
7/31/2019,43.544998,43.555,41.755001,42.18,41.97266,35941600
8/1/2019,42.285,43.195,40.705002,41.23,41.027336,42121200
8/2/2019,40.297501,40.994999,39.82,40.297501,40.099426,42834800
8/5/2019,38.450001,38.462502,37.224998,37.697498,37.512203,58915600
8/6/2019,38.450001,38.907501,37.607498,38.087502,37.90028,36127200
8/7/2019,37.474998,38.592499,37.299999,38.4725,38.283382,37256000
8/8/2019,39.052502,39.577499,38.474998,39.564999,39.370518,30930000
8/9/2019,39.1525,39.1875,38.037498,38.544998,38.35553,34181600
8/12/2019,38.02,38.544998,37.642502,37.862499,37.676384,27920000
8/13/2019,37.8475,39.474998,37.455002,39.012501,38.820728,35195600
8/14/2019,38.125,38.237499,37.077499,37.517502,37.333084,41988000
8/15/2019,37.7075,37.907501,36.8475,37.192501,37.009686,47720000
8/16/2019,39.837502,40.384998,39.220001,39.889999,39.69392,100796000
8/19/2019,41.029999,42.855,40.8675,42.695,42.485126,81511200
8/20/2019,42.639999,42.645,41.755001,41.967499,41.761208,46318800
8/21/2019,42.6325,43.362499,42.415001,42.807499,42.597088,42724400
8/22/2019,42.904999,43.3325,42.474998,42.869999,42.659275,30348800
8/23/2019,42.099998,42.647499,40.41,40.610001,40.410381,56805600
8/26/2019,41.4025,41.645,40.977501,41.362499,41.159172,31820800
8/27/2019,41.747501,41.775002,40.154999,40.450001,40.251171,29096800
8/28/2019,40.145,40.834999,39.75,40.305,40.146584,25561200
8/29/2019,41.224998,42.075001,41.189999,41.75,41.585903,35797600
8/30/2019,42.215,42.715,41.695,41.877499,41.712906,29061600
9/3/2019,41.145,41.477501,40.8125,41.0425,40.881184,29614000
9/4/2019,41.6525,42.264999,41.6525,42.189999,42.024174,22772800
9/5/2019,43.217499,44.997501,43.200001,44.935001,44.758389,69567600
9/6/2019,44.700001,45.272499,44.279999,44.662498,44.486958,37697600
9/9/2019,44.974998,45.994999,44.959999,45.125,44.947639,41752400
9/10/2019,44.794998,46.0625,44.697498,45.794998,45.615005,35281200
9/11/2019,45.942501,46.567501,45.650002,46.0825,45.901375,36151200
9/12/2019,46.549999,47.099998,45.987499,46.067501,45.88644,32784000
9/13/2019,45.397499,45.77,45.044998,45.485001,45.306217,32459200
9/16/2019,44.73,45.400002,44.625,45.052502,44.875423,23183200
9/17/2019,45.119999,45.310001,44.6525,45.267502,45.089577,22304800
9/18/2019,45.197498,45.355,44.125,44.994999,44.818146,25815200
9/19/2019,45.055,45.240002,44.127499,44.235001,44.061131,24547600
9/20/2019,44.224998,44.462502,43.07,43.172501,43.002804,35024400
9/23/2019,43.174999,44.1675,43.137501,43.709999,43.538193,24971200
9/24/2019,44.025002,44.322498,42.775002,43.1325,42.962975,31726800
9/25/2019,43.127499,44.755001,42.677502,44.557499,44.382362,30843200
9/26/2019,44.459999,44.547501,43.822498,44.334999,44.160744,23456400
9/27/2019,43.915001,44.424999,42.330002,42.939999,42.771225,36205600
9/30/2019,43.200001,43.619999,42.884998,43.517502,43.346455,18618400
10/1/2019,43.75,45.25,43.452499,43.5,43.329025,36600800
10/2/2019,43.279999,43.400002,42.532501,43.259998,43.08997,29337200
10/3/2019,43.305,45.389999,43,45.327499,45.149342,45058800
10/4/2019,45.349998,45.787498,44.695,45.4925,45.313698,26552400
10/7/2019,46.145,47.084999,46.057499,46.0825,45.901375,48098400
10/8/2019,45.16,45.16,44.125,44.307499,44.133347,44443600
10/9/2019,45.080002,45.674999,44.790001,45.177502,44.999931,29241200
10/10/2019,45.154999,46.27,45.102501,45.7575,45.577652,30912400
10/11/2019,46.602501,47.334999,46.412498,46.497501,46.314747,44640400
10/14/2019,46.41,46.842499,46.0975,46.6325,46.449211,20004000
10/15/2019,47.540001,49.822498,47.400002,49.092499,48.899544,66412400
10/16/2019,48.75,49.805,48.4375,48.552502,48.361671,42894400
10/17/2019,49,49.452499,48.025002,48.572498,48.381584,26343600
10/18/2019,48.577499,48.904999,46.875,47.622501,47.435326,30744000
10/21/2019,48.240002,49.137501,48.049999,49.002499,48.809898,26186800
10/22/2019,49.575001,50.6325,48.825001,48.9025,48.710293,32872000
10/23/2019,48.077499,48.915001,47.7575,48.772499,48.580807,27991600
10/24/2019,49.1875,49.552502,48.845001,49.215,49.021564,23202000
10/25/2019,50.025002,51.345001,49.947498,51.134998,50.934017,42309200
10/28/2019,51.575001,52.224998,51.279999,51.697498,51.494305,33079200
10/29/2019,51.557499,51.622501,50.535,50.73,50.530602,21123600
10/30/2019,51,51.057499,50.064999,50.75,50.550529,20596000
10/31/2019,50.540001,50.75,49.452499,50.255001,50.057472,20973200
11/1/2019,49.900002,50.9725,49.647499,50.647499,50.448433,28364000
11/4/2019,51.462502,52.75,51.23,52.625,52.418159,37671600
11/5/2019,52.622501,52.884998,51.919998,52.4025,52.196533,30086800
11/6/2019,52.16,52.4175,51.0275,51.907501,51.703484,26901200
11/7/2019,52.7775,52.924999,51.634998,52.084999,51.880283,28034000
11/8/2019,51.915001,52.262501,51.537498,51.945,51.740829,18910000
11/11/2019,51.9375,52.2775,51.07,52.044998,51.840439,24343600
11/12/2019,52.43,52.965,52.077499,52.4025,52.196533,28350400
11/13/2019,52.087502,52.365002,51.474998,52.142502,51.937561,30018800
11/14/2019,52.232498,52.470001,51.630001,52.447498,52.24136,51808000
11/15/2019,52.424999,52.945,50.16,51.047501,50.846863,105362800
11/18/2019,50.9725,53.337502,50.942501,53.07,52.861404,57458800
11/19/2019,52.7575,52.994999,51.412498,51.997501,51.793125,41456400
11/20/2019,51.767502,53.637501,51.639999,52.794998,52.587494,47258800
11/21/2019,52.75,53.310001,52.327499,52.544998,52.338467,28838800
11/22/2019,52.772499,53.240002,52.485001,52.7225,52.515278,22410000
11/25/2019,54.009998,55.352501,53.880001,55.302502,55.08514,50647600
11/26/2019,55.125,55.172501,54.185001,54.25,54.036777,38524400
11/27/2019,54.6675,55.012501,54.294998,54.560001,54.385654,21578400
11/29/2019,54.25,54.535,53.945,54.185001,54.01186,14155600
12/2/2019,54.115002,54.25,52.16,52.3125,52.145332,37203600
12/3/2019,50.467499,51.955002,50.092499,51.915001,51.749107,46523200
12/4/2019,52.755001,52.98,52.067501,52.355,52.187702,27342400
12/5/2019,52.575001,52.732498,51.877499,52.185001,52.018238,18488400
12/6/2019,52.880001,53.372501,52.779999,53.0425,52.873005,23223600
12/9/2019,52.8125,53.592499,52.724998,53.0425,52.873005,21188000
12/10/2019,53.345001,54.014999,52.814999,53.494999,53.324055,25638800
12/11/2019,53.599998,54.389999,53.575001,54.334999,54.161369,23379600
12/12/2019,54.044998,56.200001,53.955002,56.017502,55.838493,40434800
12/13/2019,56.047501,57.244999,55.455002,55.997501,55.818562,45470400
12/16/2019,56.474998,57.014999,56.192501,56.287498,56.107632,32097600
12/17/2019,56.474998,57.299999,56.380001,57.072498,56.890125,32119600
12/18/2019,57.422501,57.985001,57.337502,57.377499,57.194149,34354800
12/19/2019,57.724998,59,57.674999,58.865002,58.676903,44536000
12/20/2019,59.532501,60.0975,59.34,59.842499,59.651272,60304400
12/23/2019,60.130001,60.452499,59.5975,59.705002,59.51421,35506000
12/24/2019,59.549999,59.827499,59.205002,59.654999,59.464367,13886400
12/26/2019,59.689999,60.080002,59.5,59.797501,59.606419,18285200
12/27/2019,59.950001,60.084999,58.952499,59.217499,59.028267,25464400
12/30/2019,58.997501,59.049999,57.764999,58.080002,57.894409,25805600
12/31/2019,57.724998,58.919998,57.532501,58.825001,58.637024,23100400
1/2/2020,59.6875,59.977501,59.18,59.977501,59.785843,23753600
1/3/2020,58.775002,59.4575,58.525002,59.017502,58.828911,20538400
1/6/2020,58.080002,59.317501,57.817501,59.264999,59.075619,26263600
1/7/2020,59.549999,60.442501,59.0975,59.982498,59.790825,31485600
1/8/2020,59.939999,60.509998,59.537498,60.095001,59.902966,27710800
1/9/2020,60.962502,61.482498,60.215,60.755001,60.560856,25511200
1/10/2020,61.8325,62.137501,60.9375,61.080002,60.884823,31629600
1/13/2020,61.915001,63.247501,61.6875,62.994999,62.793697,31984000
1/14/2020,62.564999,62.82,61.6875,61.82,61.622452,35908800
1/15/2020,61.947498,62.172501,61.1325,61.392502,61.196323,26310400
1/16/2020,61.93,62.2925,61.695,62.232498,62.03363,28419200
1/17/2020,62.424999,62.5,61.842499,62.32,62.120861,25379200
1/21/2020,61.952499,62.322498,61.642502,61.985001,61.786926,21791600
1/22/2020,62.439999,63.397499,62.25,62.5275,62.32769,23924000
1/23/2020,62.93,63.299999,62.037498,63.215,63.012997,24451600
1/24/2020,64.375,64.875,62.075001,62.619999,62.419895,37351200
1/27/2020,59.560001,60.5625,58.057499,60.049999,59.858109,47053600
1/28/2020,60.712502,62.317501,60.177502,61.9925,61.794407,31097600
1/29/2020,61.8475,62.209999,60.985001,61.384998,61.188847,25884800
1/30/2020,60.4025,61.587502,59.849998,61.452499,61.25613,29050400
1/31/2020,60.9925,61.112499,58.6875,59.107498,58.918613,37042000
2/3/2020,58.924999,60.2775,58.862499,60.0825,59.890507,25556400
2/4/2020,61.5075,61.974998,61.005001,61.782501,61.585079,27154400
2/5/2020,62.997501,63.099998,61.852501,62.689999,62.489674,20822000
2/6/2020,63.035,63.5625,62.220001,63.5625,63.35939,21828400
2/7/2020,63.16,63.3825,62.642502,62.897499,62.696507,18975200
2/10/2020,63.125,65.75,63.075001,65.7425,65.532417,52960800
2/11/2020,66.830002,68.125,66.207497,66.972504,66.758492,63855600
2/12/2020,67.502502,68.199997,67.112503,68.135002,67.917282,37464400
2/13/2020,67.552498,68.370003,67.277496,67.695,67.478683,52801600
2/14/2020,71.815002,73.7425,71.5,72.447502,72.215996,104192400
2/18/2020,71.410004,74.327499,71.214996,74.142502,73.905579,62016400
2/19/2020,75.372498,78.852501,75.372498,78.675003,78.423599,69433200
2/20/2020,78.192497,79.080002,74.087502,77.175003,76.928406,81005200
2/21/2020,76.047501,76.300003,72.665001,73.517502,73.282578,76818000
2/24/2020,67.547501,70.467499,67,68.32,68.101692,85691600
2/25/2020,69.074997,69.697502,64.489998,65.512497,65.303139,105549600
2/26/2020,65.514999,68.862503,65.5,66.912498,66.698677,74773200
2/27/2020,63.724998,66.75,62.2225,63.150002,62.985863,90641600
2/28/2020,60.615002,68.114998,60.447498,67.517502,67.342018,113325200
3/2/2020,69.224998,69.397499,65.25,69.107498,68.927864,89074400
3/3/2020,69.667503,70.267502,65.614998,66.472504,66.299721,65279200
3/4/2020,67.550003,71.222504,66.800003,71.127502,70.942619,59740800
3/5/2020,69.125,70.800003,67.875,68.322502,68.14492,54032800
3/6/2020,66.519997,67.097504,64.5,66.510002,66.33712,51541200
3/9/2020,59.974998,64.849998,59.544998,61.360001,61.200512,61416000
3/10/2020,64.135002,65.269997,61.497501,65.269997,65.100342,58064800
3/11/2020,63.865002,64.150002,60.642502,61.6175,61.45734,49996400
3/12/2020,56.365002,59.029999,53.950001,54.077499,53.936932,81654000
3/13/2020,57.625,60.255001,54.9025,60.209999,60.053497,63483600
3/16/2020,53.102501,56.525002,48.5,49.099998,48.972374,72697200
3/17/2020,50.227501,55.215,47.75,54.317501,54.176315,83363200
3/18/2020,50.025002,52.485001,45.169998,50.705002,50.573204,87426800
3/19/2020,50.490002,54.182499,48.3475,53.2425,53.104111,76551200
3/20/2020,54.75,57.580002,51.282501,51.4375,51.303802,80463600
3/23/2020,51.427502,54.119999,49.630001,53.172501,53.034283,64387600
3/24/2020,57.25,63.165001,57.012501,62.294998,62.13308,110164400
3/25/2020,63.450001,65.455002,60.915001,61.404999,61.245384,79343200
3/26/2020,63.485001,65.555,62.5,64.309998,64.142845,69610800
3/27/2020,62.5,65.779999,62.169998,63.182499,63.018269,63882800
3/30/2020,63.84,66.489998,63.397499,66.397499,66.224922,60225200
3/31/2020,66.800003,68.849998,64.4375,65.900002,65.728706,94996000
4/1/2020,63.912498,65.3825,60.32,60.767502,60.60955,65691200
4/2/2020,61.060001,64,60.577499,63.8675,63.701488,67576400
4/3/2020,63.490002,63.907501,59.5975,60.977501,60.819004,66321200
4/6/2020,63.810001,67.470001,63.232498,67.099998,66.925591,72788400
4/7/2020,69.324997,69.5625,64.324997,64.7575,64.58918,78452000
4/8/2020,65.852501,66.987503,65.150002,66.737503,66.564026,54244400
4/9/2020,68,68.230003,65.105003,65.737503,65.566628,52556400
4/13/2020,65.137497,67.550003,64.25,67.462502,67.287132,39840800
4/14/2020,68.75,71.330002,68.472504,70.987503,70.802986,53094800
4/15/2020,69.300003,71.042503,68.845001,70.209999,70.027496,36614800
4/16/2020,71.769997,74.75,71.637497,73.675003,73.483513,74562000
4/17/2020,74.5,74.714996,71.735001,73.080002,72.890053,53912000
4/20/2020,71.809998,73.375,71.317497,71.762497,71.575958,44938800
4/21/2020,70.577499,71.192497,66.777496,67.377502,67.202362,73516000
4/22/2020,69.307503,71.967499,68.849998,71.537498,71.351547,48335600
4/23/2020,71.959999,73.285004,70.75,71.002502,70.817955,42416000
4/24/2020,70.900002,72.417503,70.150002,72.397499,72.20932,35232800
4/27/2020,73.747498,75.875,73.5,74.269997,74.076935,47938800
4/28/2020,75.75,76.050003,72.785004,72.839996,72.650665,44290400
4/29/2020,74.192497,75.144997,73.4375,74.614998,74.421051,37916000
4/30/2020,74.072502,74.614998,72.93,73.07,72.880066,37591600
5/1/2020,71.087502,72.224998,70.209999,70.695,70.511238,34209600
5/4/2020,70.220001,72.959999,70.220001,72.822502,72.633202,31755600
5/5/2020,73.8675,75.067497,72.822502,73.434998,73.244125,36889600
5/6/2020,74.232498,75.5,73.852501,74.447502,74.25399,32346400
5/7/2020,75.845001,76.852501,75.330002,76.217499,76.019386,37373200
5/8/2020,76.9375,78.1875,76.597504,78.125,77.921921,33921600
5/11/2020,78.074997,81.125,77.787498,80.654999,80.445351,46906000
5/12/2020,81.235001,81.724998,77.927498,78.025002,77.822182,49306000
5/13/2020,79.175003,80.785004,75.947502,77.800003,77.597778,62585200
5/14/2020,78.417503,80.360001,76.875,80.305,80.096275,60231200
5/15/2020,78.897499,85.004997,78.739998,84.907501,84.686798,98766000
5/18/2020,87.605003,89.165001,86.805,87.502502,87.27507,77446000
5/19/2020,87.902496,90.875,87.627502,88.055,87.826134,71732000
5/20/2020,89.910004,90.43,88.887497,89.699997,89.466843,58753600
5/21/2020,90.514999,90.525002,87.375,87.752502,87.524406,76106800
5/22/2020,88.252502,90.93,87.1325,90.262497,90.027893,103876400
5/26/2020,91.567497,91.817497,86.720001,87.177498,86.950897,77078000
5/27/2020,86.25,86.327499,79.967499,85.252502,85.030899,117589200
5/28/2020,84.122498,87.605003,83.792503,84.870003,84.649406,73489600
5/29/2020,85.544998,88.754997,84.849998,88.754997,88.5243,74525600
6/1/2020,88.332497,88.407501,86.894997,88.0625,87.833603,38987600
6/2/2020,87.962502,88.372498,86.580002,88.252502,88.023109,39132000
6/3/2020,88.222504,88.662498,87,87.695,87.467064,36544000
6/4/2020,87.279999,89.432503,86.775002,87.665001,87.477043,42428000
6/5/2020,87.945,89.970001,87.080002,89.199997,89.008751,48174800
6/8/2020,88.772499,88.897499,86.857498,88.050003,87.861221,38773600
6/9/2020,88,91.097504,87.512497,90.459999,90.266037,46848800
6/10/2020,91.677498,95,91.535004,93.667503,93.46666,63218000
6/11/2020,91.5,92.612503,87.860001,87.962502,87.773903,58365200
6/12/2020,91.625,91.872498,87.032501,89.324997,89.133476,57090800
6/15/2020,88.152496,91.822502,87.4375,91.737503,91.540802,40000400
6/16/2020,92.25,92.667503,88.387497,90.684998,90.490555,53571600
6/17/2020,91.137497,92.989998,90.702499,92.360001,92.161972,40830400
6/18/2020,92.269997,92.824997,91.144997,92.18,91.982368,25440800
6/19/2020,92.425003,94.449997,92.272499,92.612503,92.41394,52416000
6/22/2020,93,95.3125,92.732498,95.267502,95.063232,39846800
6/23/2020,95.510002,96.425003,94.074997,94.5,94.297386,37510800
6/24/2020,94.762497,95.565002,91.445,92.355003,92.15699,44937200
6/25/2020,93.557503,95.050003,91.822502,94.900002,94.696518,37607200
6/26/2020,95,95,91.25,91.550003,91.353722,59208400
6/29/2020,91.697502,92.044998,89,92,91.80275,34224800
6/30/2020,93.139999,95.262497,92.665001,94.977501,94.773849,36789200
7/1/2020,95.207497,95.7575,94.129997,95.300003,95.095673,32664800
7/2/2020,96.389999,97.375,95.782501,96.122498,95.916412,36405600
7/6/2020,97.417503,99.087502,97.125,98.392502,98.181549,31589200
7/7/2020,99.462502,100.699997,98.5075,98.717499,98.505852,35780000
7/8/2020,99.9375,102.25,99.654999,102.160004,101.940964,36548000
7/9/2020,103.802498,105.699997,102.334999,105.089996,104.864662,49454800
7/10/2020,105.887497,106.552498,103.787498,104.792503,104.567818,49767600
7/13/2020,105.949997,107.922501,100.25,100.522499,100.306976,45707600
7/14/2020,100.75,104.027496,97.855003,103.769997,103.547508,54267600
7/15/2020,104.142502,104.330002,100.557503,102.272499,102.053215,40398400
7/16/2020,100.150002,102.067497,98.955002,101.347504,101.130219,34496400
7/17/2020,102.254997,102.485001,100.877502,102.014999,101.79628,26628400
7/20/2020,102.7425,105.3125,101.567497,105.107498,104.882141,28485200
7/21/2020,105.129997,105.599998,102.8675,103.285004,103.063553,27703600
7/22/2020,103.675003,106.025002,102.915001,104.387497,104.163681,36729200
7/23/2020,104.5,105.470001,100.3125,101.297501,101.080307,41166000
7/24/2020,98.75,103.647499,97.769997,101.945,101.726418,47329200
7/27/2020,102.322502,104.417503,102.177498,104.214996,103.991562,29213200
7/28/2020,103.7425,103.82,102.092499,102.154999,101.935974,27163600
7/29/2020,103.907501,105.162498,103.470001,104.654999,104.430595,28450800
7/30/2020,103.75,106.230003,102.952499,106.139999,105.912415,30888000
7/31/2020,105.6325,107.665001,104.330002,106.147499,105.919914,38608000
8/3/2020,107.324997,110.987503,107.152496,110.102501,109.866425,41272000
8/4/2020,110.5,112.277496,109.059998,112.277496,112.036766,31033600
8/5/2020,112.440002,113.717499,111.662498,112.8675,112.625511,24992400
8/6/2020,113.497498,113.580002,111.787498,113.355003,113.111969,24431600
8/7/2020,113.125,115.047501,110.375,111.995003,111.754875,34251600
8/10/2020,113.342499,114.082497,108.565002,111.650002,111.410606,42779600
8/11/2020,110.737503,111.3675,107.957497,108.5,108.267372,35451200
8/12/2020,109.907501,114.669998,109.582497,114.402496,114.157211,46441200
8/13/2020,115.459999,117.217499,113.557503,114.43,114.184654,37446000
8/14/2020,115.300003,117.047501,114.404999,115.639999,115.392059,36643600
8/17/2020,118.512497,124.097504,118.172501,123.370003,123.105476,62130000
8/18/2020,124.5,124.959999,120.862503,122.607498,122.344612,50344800
8/19/2020,122.964996,123.150002,120.980003,121.385002,121.124748,62262400
8/20/2020,119.75,123.75,118.787498,121.410004,121.149696,92138800
8/21/2020,122.017502,128.087494,121.952499,126.834999,126.563057,99986800
8/24/2020,128.837494,129.125,125.074997,127.202499,126.929756,49056400
8/25/2020,126.307503,127.612503,125.737503,127.5,127.226624,28907600
8/26/2020,127.9925,128.684998,126.777496,127.730003,127.456146,32124400
8/27/2020,127.815002,128.5,125.665001,126.282501,126.011734,31760400
8/28/2020,126.75,131.479996,126.425003,131.477493,131.195587,53716000
8/31/2020,131.827499,135.75,130.377502,133.744995,133.458237,50084000
9/1/2020,134.800003,139.9375,134.365005,138.210007,137.95491,51131600
9/2/2020,147.037506,147.267502,139,143.464996,143.200241,87401200
9/3/2020,138.287506,138.845001,128.787506,130.154999,129.91478,94512800
9/4/2020,127.837502,131.75,117.047501,126.224998,125.992043,146368400
9/8/2020,117.345001,125.5,117.042503,119.129997,118.910133,79572800
9/9/2020,124,128.092499,122.317497,127.150002,126.915337,73620000
9/10/2020,129.892502,130.652496,121.669998,123.1175,122.890274,69868400
9/11/2020,124.855003,126.525002,118.957497,121.644997,121.420486,63692800
9/14/2020,130.809998,133.149994,126.3125,128.722504,128.48494,120174400
9/15/2020,132.800003,132.987503,128.277496,129.910004,129.670258,72755600
9/16/2020,129.572495,130.927505,125.137497,125.144997,124.91404,55638400
9/17/2020,121.322502,125.897499,120.347504,124.635002,124.404991,79251200
9/18/2020,125.9375,126.324997,119.887497,121.892502,121.667542,69846000
9/21/2020,119.25,125.224998,119.044998,125.172501,124.941483,72104400
9/22/2020,125.75,126.480003,121.555,126.377502,126.144257,64645200
9/23/2020,125.754997,127.269997,120.792503,121.237503,121.013763,64701200
9/24/2020,120.722504,125.695,120.139999,123.480003,123.252121,73124000
9/25/2020,124.474998,128.835007,122.457497,128.737503,128.499924,58801600
9/28/2020,130.402496,130.517502,127.5,130.350006,130.109421,57380800
9/29/2020,129.375,134.427505,129.332504,132.257507,132.013412,62146000
9/30/2020,131.574997,136.225006,131.502502,135.304993,135.055283,68918400
10/1/2020,137.580002,137.627502,134.607498,136.145004,135.893753,52500400
10/2/2020,132.25,135.195007,130.509995,130.622498,130.381424,55249600
10/5/2020,132.360001,136.442505,132.227493,136.425003,136.173218,47982000
10/6/2020,138.300003,141.419998,136.649994,137.365005,137.111496,78442000
10/7/2020,139.997498,141.192505,138.634995,139.639999,139.382309,41808400
10/8/2020,140.75,140.845001,137.580002,138.387497,138.132095,37890000
10/9/2020,137.669998,138.242493,136.607498,137.627502,137.37352,34689200
10/12/2020,139.895004,143.470001,139.125,142.259995,141.997452,43474400
10/13/2020,142.964996,143.485001,140.1875,142.482498,142.219543,34460400
10/14/2020,142.904999,143.427505,139.600006,140.952499,140.692368,27610000
10/15/2020,138.107498,140.057495,137.677505,139.699997,139.442169,26722400
10/16/2020,140.367493,141.214996,137.925003,138.115005,137.860092,24239200
10/19/2020,139.029999,139.835007,134.067505,134.977493,134.728378,29806800
10/20/2020,135.835007,137.997498,135.070007,136.455002,136.203171,22921200
10/21/2020,136.25,137.914993,134.774994,135.247498,134.997894,21959600
10/22/2020,135.225006,136.117493,132.317505,133.610001,133.363403,29048000
10/23/2020,134.5,135.932495,132.912506,135.902496,135.651672,23348400
10/26/2020,134.270004,136.927505,130.384995,131.412506,131.169998,33689600
10/27/2020,133.059998,134.419998,131.914993,133.967499,133.720245,25052000
10/28/2020,131.979996,132.600006,126.089996,126.269997,126.036957,37652000
10/29/2020,128.384995,131.927505,127.5,130.240005,129.999634,32008000
10/30/2020,128.5,129.365005,123,125.339996,125.108673,41682000
11/2/2020,126.577499,128.367493,123.949997,125.807503,125.57531,29965200
11/3/2020,127.084999,131.050003,126.027496,130.195007,129.954697,27290000
11/4/2020,133.892502,138.274994,133.369995,137.942505,137.687912,41022800
11/5/2020,141.625,143.389999,139.910004,141.600006,141.338699,31902800
11/6/2020,141.097504,145.887497,138.949997,145.619995,145.351257,38334800
11/9/2020,145.524994,146.914993,136.107498,136.307495,136.055923,58297600
11/10/2020,136.065002,136.065002,126.282501,127.699997,127.464317,64406800
11/11/2020,130.537506,134.350006,129.482498,134.179993,133.932343,40474400
11/12/2020,134.789993,137.660004,133.160004,134.567505,134.319153,36581200
11/13/2020,136.272507,136.6875,130.592499,132.970001,132.724609,34631200
11/16/2020,131.725006,136.494995,131.559998,135.152496,134.903076,41377600
11/17/2020,135.524994,135.962494,133.037506,134.222504,133.974777,31202800
11/18/2020,134.652496,136.057495,131.850006,134.287506,134.039688,51092400
11/19/2020,132.127502,134.875,131,134.402496,134.154449,56593600
11/20/2020,134.539993,134.945007,130.649994,130.877502,130.635956,34108800
11/23/2020,131.712494,133.824997,130.154999,131.399994,131.157501,36135600
11/24/2020,131.425003,131.619995,128.850006,129.577499,129.338348,34650000
11/25/2020,130.324997,132.695007,130.199997,132.347504,132.103256,25991600
11/27/2020,133.75,134.074997,131.705002,132.612503,132.367767,16727600
11/30/2020,132.649994,134.125,129.722504,134.014999,133.76767,28695200
12/1/2020,134.922501,135.287506,132.282501,133.899994,133.652893,29694800
12/2/2020,133.505005,136.735001,132.342499,135.445007,135.195023,28336000
12/3/2020,135.875,136.600006,133.289993,133.960007,133.752274,19952000
12/4/2020,134.485001,135.600006,133.887497,135.582504,135.372253,20224400
12/7/2020,136.012497,137.3125,135,136.067505,135.856506,22324400
12/8/2020,135.850006,135.987503,132.815002,133.5,133.292984,27192000
12/9/2020,133.005005,134.139999,128.682495,129.307495,129.106995,40130000
12/10/2020,128.690002,130.6875,128.494995,129.722504,129.521332,20776400
12/11/2020,129.672501,130.199997,128.229996,130.132507,129.930725,20926400
12/14/2020,130.880005,133.887497,130.774994,133.087494,132.881119,27015600
12/15/2020,134.397507,134.639999,131.867493,133.604996,133.397812,19301600
12/16/2020,134.225006,134.372498,132.125,132.425003,132.21965,22311600
12/17/2020,133.667496,133.794998,131.785004,133.412506,133.205627,23138400
12/18/2020,133.789993,134.050003,130.705002,132.720001,132.514175,34206400
12/21/2020,130.747498,133.699997,129.675003,133.322495,133.115753,30233200
12/22/2020,133.192505,133.372498,130.539993,132.782501,132.576599,18558000
12/23/2020,132.559998,132.75,130.050003,130.092499,129.890778,17914400
12/24/2020,130.372498,131.324997,129.387497,129.9375,129.735992,9788400
12/28/2020,130.625,130.625,127.6325,129,128.799942,21256400
12/29/2020,129.25,130.725006,128.422501,129.432495,129.231796,17037200
12/30/2020,129.902496,132.137497,128.967499,131.457504,131.253647,22539600
12/31/2020,131.365005,131.509995,129.149994,130.550003,130.347565,19242400
1/4/2021,131.042496,136.524994,129.625,131.134995,130.931656,56064000
1/5/2021,130.997498,134.434998,130.869995,134.047501,133.83963,32276000
1/6/2021,132.225006,132.449997,125.860001,126.144997,125.949387,58042400
1/7/2021,129.675003,133.777496,128.865005,133.440002,133.233078,46148000
1/8/2021,133.625,134.210007,130.419998,132.767502,132.56163,29252800
1/11/2021,134.1875,139.610001,133.625,136.214996,136.003769,51834400
1/12/2021,137.524994,137.544998,133.449997,134.847504,134.638382,29147600
1/13/2021,134.899994,136.25,133.850006,135.317505,135.107666,21002800
1/14/2021,135.75,135.997498,131.804993,132.002502,131.797821,28312000
1/15/2021,132.279999,133.252502,128.485001,128.595001,128.395599,27778000
1/19/2021,130.162506,130.940002,128.440002,130.252502,130.050507,22618800
1/20/2021,131.117493,134.304993,130.567505,133.657501,133.450226,25857200
1/21/2021,134.184998,139.992493,132.529999,138.675003,138.459946,33778000
1/22/2021,137.399994,138.417496,136.272507,137.125,136.912369,24682000
1/25/2021,137.817505,138.285004,132.365005,136.532501,136.32077,25111200
1/26/2021,135.804993,136.447495,133.875,134.352493,134.144165,16398000
1/27/2021,132.300003,132.327499,127.9375,129.177505,128.977188,37127200
1/28/2021,129.962494,133.397507,129.604996,130.509995,130.307602,22831600
1/29/2021,130.75,133.347504,129.115005,129.897507,129.696075,27155200
2/1/2021,130.532501,132.707504,129.027496,132.369995,132.164734,21720400
2/2/2021,133.987503,135.720001,132.854996,135.567505,135.357269,22044000
2/3/2021,136.360001,139.317505,135.164993,135.304993,135.095169,24540800
2/4/2021,135.309998,136.735001,133.377502,136.642502,136.430618,20134000
2/5/2021,137.25,137.372498,135.457504,135.910004,135.699234,16915200
2/8/2021,137.272507,144.737503,137.272507,144.387497,144.16362,43462400
2/9/2021,143.407501,145.832504,142.225006,142.632507,142.411362,28756000
2/10/2021,144.632507,149.050003,143.414993,147.642502,147.413528,48535200
2/11/2021,149.802505,152.722504,149.25,152.507507,152.271011,45082800
2/12/2021,150.5,152.912506,147.75,149.612503,149.380508,37475600
2/16/2021,150.642502,153.725006,149.5,153.302505,153.064789,32196000
2/17/2021,151.710007,152.235001,147.800003,149.059998,148.828857,27475600
2/18/2021,147.289993,148.732498,145.75,148.289993,148.060043,23386800
2/19/2021,150.244995,151.770004,148.467499,149.264999,149.033539,27172400
2/22/2021,147.747498,151.332504,143.25,143.557495,143.3349,32588400
2/23/2021,140.752502,142.387497,133.895004,141.419998,141.200699,39178000
2/24/2021,141.227493,145.067505,137.559998,144.990005,144.765182,44832000
2/25/2021,140.455002,143.747498,132.162506,133.074997,132.868637,82443600
2/26/2021,137.524994,138.544998,133.610001,137.145004,136.932327,50093200
3/1/2021,138.75,139.25,135.532501,138.417496,138.20285,35318400
3/2/2021,139,139.205002,133.960007,134.0625,133.854599,26411600
3/3/2021,134.262497,134.514999,127.987503,128.047501,127.848953,37759200
3/4/2021,128.007507,129.75,120.837502,123.702499,123.510681,57334400
3/5/2021,125.5,125.5,116.792503,124.614998,124.421761,54284000
3/8/2021,124.5,124.712502,115.665001,115.932503,115.752731,54311200
3/9/2021,121.302498,126.167503,120.592499,125.202499,125.051491,52182400
3/10/2021,128.404999,129.800003,124.574997,124.682503,124.532127,38437600
3/11/2021,129.5,130.462494,127.345001,129.934998,129.778275,29991600
3/12/2021,126.482498,128.887497,125.900002,128.559998,128.404938,24396400
3/15/2021,128.647507,132.067505,127.672501,131.912506,131.753418,22198800
3/16/2021,133.565002,135.125,131.167496,132.912506,132.752213,27212800
3/17/2021,130.397507,134.532501,129.895004,133.412506,133.251602,24386400
3/18/2021,131.365005,131.839996,127.169998,127.224998,127.071556,29389600
3/19/2021,127.5,129.214996,126.125,128.457504,128.302551,29920800
3/22/2021,129.127502,133.945007,129.067505,131.862503,131.703461,29780400
3/23/2021,132.542496,133.445007,130.212494,130.707504,130.549881,22204800
3/24/2021,131.512497,131.592499,126.3675,126.43,126.277527,24584000
3/25/2021,124.995003,127.147499,122.720001,125.352501,125.201324,29514400
3/26/2021,125.544998,128.5625,123.735001,128.392502,128.237656,36396800
3/29/2021,128.202499,130.625,127,129.482498,129.32634,27352000
3/30/2021,128.419998,129.752502,127.050003,128.717499,128.562225,20020400
3/31/2021,130.154999,134.705002,129.824997,133.482498,133.321503,31477600
4/1/2021,135.722504,138.699997,135.112503,138.117493,137.950912,30827600
4/5/2021,138.675003,140.139999,137.330002,139.875,139.706314,25567200
4/6/2021,139.997498,140.542496,137.735001,138.615005,138.44783,19174400
4/7/2021,138.807495,142.434998,137.115005,141.434998,141.264435,25128400
4/8/2021,142.527496,144.714996,142.490005,143.169998,142.997314,24441600
4/9/2021,142.139999,144.080002,141.75,144,143.82634,19517200
4/12/2021,142.897507,153.524994,141.392502,152.089996,151.906601,86932400
4/13/2021,152.315002,157,151.257507,156.794998,156.605896,67621200
4/14/2021,156.25,157.205002,152.274994,152.770004,152.585739,38550000
4/15/2021,156.625,162.142502,156.315002,161.372498,161.177856,59848000
4/16/2021,160.529999,161.657501,158.652496,159.125,158.933075,33520800
4/19/2021,155.365005,158.074997,152.330002,153.617493,153.432236,40442000
4/20/2021,153.232498,154.970001,149.630005,151.712494,151.529526,33413200
4/21/2021,151.1875,153.625,151.022507,153.604996,153.419754,21677600
4/22/2021,153.75,154.384995,147.835007,148.502502,148.32338,27778800
4/23/2021,149.342499,153.350006,149.002502,152.652496,152.468384,22750000
4/26/2021,151.850006,154.789993,151.25,154.779999,154.593323,19779600
4/27/2021,155.785004,156.705002,153.544998,153.817505,153.632004,16457200
4/28/2021,153.645004,155.322495,152.154999,152.767502,152.583252,20941600
4/29/2021,154,154.365005,150.714996,153.247498,153.062668,17319600
4/30/2021,151.744995,153.649994,149.970001,150.095001,149.913986,20191200
5/3/2021,151.25,152.467499,147.875,148.367493,148.188553,20391200
5/4/2021,146.372498,146.375,140.102493,143.512497,143.339432,40532400
5/5/2021,147.089996,148.134995,143.875,144.585007,144.410629,29202400
5/6/2021,144.952499,145.712494,142.179993,145.229996,145.054855,19338000
5/7/2021,148.082504,149.707504,146.717499,148.122498,147.943863,22932800
5/10/2021,147.872498,148.059998,142.5,142.657501,142.485428,26890400
5/11/2021,138.25,143.547501,137.5,143.0625,142.889954,28558400
5/12/2021,140.095001,142.602493,137.092499,137.585007,137.419083,30340800
5/13/2021,140.337494,140.807495,134.589996,136.652496,136.487686,28540400
5/14/2021,138.899994,143.279999,137.485001,142.429993,142.258209,25861600
5/17/2021,141.570007,141.692505,138.535004,141.654999,141.484146,21698000
5/18/2021,142.669998,144.042496,140.039993,140.157501,139.988464,18625600
5/19/2021,135.664993,140.794998,135.432495,140.657501,140.487854,34400000
5/20/2021,143.024994,146.837494,142.705002,146.125,145.948761,32159200
5/21/2021,151.637497,152.220001,148.695007,149.917496,149.736694,67299200
5/24/2021,152.125,157.449997,151.759995,156.119995,155.931702,55481600
5/25/2021,157.660004,158.184998,154.824997,156.477493,156.288788,43540800
5/26/2021,157.342499,157.9375,155.862503,157,156.810654,37044000
5/27/2021,156.997498,157.5,154.600006,154.880005,154.693207,58147600
5/28/2021,155.009995,162.774994,155.009995,162.445007,162.249084,64453600
6/1/2021,162.699997,163.882507,159.032501,162.645004,162.448853,47280400
6/2/2021,162.522507,169.1875,162.354996,167.782501,167.580154,59416800
6/3/2021,167.007507,172.589996,165.830002,169.697495,169.492813,58000800
6/4/2021,171.125,176.610001,170.955002,175.782501,175.570511,61712000
6/7/2021,175.712494,178.125,171.927505,176.190002,175.977509,57575600
6/8/2021,175.272507,176.214996,172.509995,174.570007,174.359467,32384800
6/9/2021,175.157501,175.75,172.557495,173.582504,173.412888,38165600
6/10/2021,173.5,174.919998,171.759995,174.25,174.079727,28777200
6/11/2021,174.794998,179.392502,174.4375,178.252502,178.078323,41630800
6/14/2021,179.059998,180.395004,176.627502,180.1875,180.011429,32137600
6/15/2021,179.149994,180.162506,177.279999,177.884995,177.711166,24303200
6/16/2021,177.907501,179.547501,175.845001,178.102493,177.928467,30712400
6/17/2021,177.744995,188.350006,177.5625,186.572495,186.390182,80965600
6/18/2021,187.839996,193.75,185.839996,186.387497,186.205368,96885600
6/21/2021,184.352493,185.365005,178.227493,184.272507,184.092453,67238400
6/22/2021,184.714996,189.637497,183.860001,188.867493,188.682938,58014400
6/23/2021,190.077499,191.527496,189.077499,190.572495,190.386292,33235600
6/24/2021,192.277496,194.199997,190.882507,192.054993,191.867325,32092400
6/25/2021,192.804993,193.455002,188.945007,190.309998,190.124039,27836400
6/28/2021,193.612503,200.787506,193.190002,199.850006,199.654724,49543600
6/29/2021,198.824997,200.987503,196.570007,200.267502,200.071808,36763200
6/30/2021,199.992493,201.625,198.637497,200.024994,199.829529,32656800
7/1/2021,201.25,204.559998,200.190002,202.119995,201.922501,48013600
7/2/2021,204.402496,205.052505,202.877502,204.869995,204.6698,34276400
7/6/2021,207.375,208.419998,203.502502,206.985001,206.78273,44670800
7/7/2021,208.535004,208.75,203.320007,203.717499,203.518448,41842800
7/8/2021,198.565002,201.330002,197.007507,199.027496,198.833008,50330000
7/9/2021,199.625,200.802505,197.542496,200.502502,200.30658,29662400
7/12/2021,202.399994,205.327499,201.877502,205.125,204.924561,32198400
7/13/2021,204.005005,204.612503,201.139999,202.5,202.302124,29070800
7/14/2021,203.577499,204.177505,197.527496,198.414993,198.221115,38010000
7/15/2021,198.117493,198.470001,188.585007,189.662506,189.477173,55056400
7/16/2021,190.304993,191.570007,180.729996,181.610001,181.432556,68822400
7/19/2021,179.152496,190.419998,178.654999,187.797501,187.613998,74906000
7/20/2021,187.300003,188.380005,181.639999,186.119995,185.938126,43468700
7/21/2021,188.820007,195.270004,187.419998,194.100006,193.910355,37101700
7/22/2021,196.419998,198.869995,192.759995,195.940002,195.74855,32382600
7/23/2021,196.559998,197,192.5,195.580002,195.388901,19567200
7/26/2021,193.110001,194.419998,189.139999,192.940002,192.751465,20394300
7/27/2021,192.649994,196.220001,187.410004,192.080002,191.892319,24886300
7/28/2021,193.190002,196.460007,189.949997,195.029999,194.839432,20219100
7/29/2021,195.190002,198.529999,193.279999,196.619995,196.427872,19078100
7/30/2021,194.179993,196.300003,192.630005,194.990005,194.799469,18349700
8/2/2021,197,199.610001,193.610001,197.5,197.307022,21744400
8/3/2021,197.399994,202.220001,192.199997,198.149994,197.956375,30181100
8/4/2021,199.899994,203.179993,198.279999,202.740005,202.541901,23130900
8/5/2021,205,207.330002,203.419998,206.369995,206.168335,21143500
8/6/2021,205.240005,205.699997,202.100006,203.660004,203.460999,17849700
8/9/2021,204.460007,205.080002,201.429993,202.949997,202.751709,14644300
8/10/2021,203.220001,204.300003,198.350006,199.360001,199.165192,17923800
8/11/2021,200.429993,200.490005,194.300003,196.990005,196.797516,18592500
8/12/2021,198.699997,200.289993,196.199997,199.050003,198.855499,15165200
8/13/2021,199.050003,202.139999,198.509995,201.880005,201.682724,18306300
8/16/2021,201.350006,202.869995,194.529999,199.5,199.305069,21087600
8/17/2021,196.850006,197.699997,192.669998,194.580002,194.389862,20458500
8/18/2021,195,196.339996,190,190.399994,190.213959,28591300
8/19/2021,194.940002,204.949997,187.619995,197.979996,197.786545,76655500
8/20/2021,199.910004,208.649994,199.330002,208.160004,207.956589,67574100
8/23/2021,209.710007,219.970001,209.5,219.580002,219.365448,57580700
8/24/2021,217.529999,219.589996,215.350006,217.929993,217.717041,29729900
8/25/2021,217.369995,224.699997,217.220001,222.130005,221.912949,34770100
8/26/2021,222,223.399994,217.899994,220.679993,220.464371,23794000
8/27/2021,221.839996,227.220001,221.669998,226.360001,226.138809,30472200
8/30/2021,228.300003,230.429993,225.509995,226.880005,226.65831,26258000
8/31/2021,226.949997,226.949997,221.199997,223.850006,223.6707,25985000
9/1/2021,224.850006,226.970001,223.570007,224.410004,224.23024,20176700
9/2/2021,225.179993,225.929993,222.949997,223.960007,223.780624,18783400
9/3/2021,223.25,229.860001,222,228.429993,228.247025,28053200
9/7/2021,228.330002,228.990005,225.220001,226.619995,226.438477,19810700
9/8/2021,225.130005,226.100006,219.770004,223.389999,223.211075,25443400
9/9/2021,223.119995,225.380005,221.309998,221.770004,221.592377,19685600
9/10/2021,223.479996,226.259995,222.699997,224.779999,224.599945,24837600
9/13/2021,226.839996,229.639999,218.580002,221.520004,221.342575,29750000
9/14/2021,222.75,224.100006,220.860001,222.419998,222.241837,19975500
9/15/2021,223.089996,223.669998,219.660004,223.410004,223.231049,16653800
9/16/2021,221.830002,222.770004,219.270004,222.419998,222.241837,15603300
9/17/2021,223,223.210007,218.300003,219,218.82457,29450300
9/20/2021,211.460007,214.330002,206.619995,211.130005,210.960892,34944000
9/21/2021,214.169998,214.25,209.5,212.460007,212.289825,20468800
9/22/2021,213.660004,219.600006,211.960007,219.410004,219.234283,26872600
9/23/2021,221.399994,225.350006,218.899994,224.820007,224.639923,24855500
9/24/2021,220.699997,221.490005,218.610001,220.809998,220.633118,21765500
9/27/2021,217.100006,217.990005,213.25,216.600006,216.426514,24521500
9/28/2021,212.139999,214.190002,206.509995,206.990005,206.824203,34306900
9/29/2021,209.399994,210.169998,204.669998,205.169998,205.005676,21839400
9/30/2021,207.679993,210.660004,206.880005,207.160004,206.99408,22100900
10/1/2021,207.5,208.589996,202.029999,207.419998,207.253876,24097800
10/4/2021,205.039993,205.419998,195.550003,197.320007,197.161957,34563500
10/5/2021,199.5,206.479996,198.539993,204.509995,204.346176,27928200
10/6/2021,201.199997,207.199997,200.800003,207,206.834198,29720200
10/7/2021,210.919998,213.220001,209.720001,210.75,210.581192,25691900
10/8/2021,211.009995,212.059998,207.75,208.309998,208.143158,15125800
10/11/2021,205.75,210.630005,205.110001,206.949997,206.784241,16338800
10/12/2021,208.279999,210.570007,205.279999,206.710007,206.544449,16213400
10/13/2021,209.179993,209.899994,207.130005,209.389999,209.222275,18065200
10/14/2021,212.880005,217.550003,211.220001,217.460007,217.285828,24358900
10/15/2021,218.100006,219.309998,216.619995,218.619995,218.444901,22699400
10/18/2021,217.490005,222.910004,216.440002,222.220001,222.042007,18949400
10/19/2021,222.759995,223.789993,220.369995,222.899994,222.721466,16147300
10/20/2021,223.050003,224.330002,219.820007,221.029999,220.852966,14627600
10/21/2021,220.970001,227.110001,220.830002,226.919998,226.738235,18759000
10/22/2021,228.229996,231.300003,225.610001,227.259995,227.077972,24938400
10/25/2021,229.729996,233.550003,227.699997,231.660004,231.474442,23023500
10/26/2021,239.889999,252.589996,239.240005,247.169998,246.972015,48589800
10/27/2021,244.740005,250.899994,242.820007,244.509995,244.314148,24599000
10/28/2021,248.779999,249.5,245.229996,249.410004,249.210236,23420400
10/29/2021,250.009995,257.089996,250,255.669998,255.465225,29250300
11/1/2021,256.48999,258.940002,252.270004,258.269989,258.063141,26574000
11/2/2021,258.220001,266.779999,258,264.01001,263.798523,29411200
11/3/2021,266.700012,267.839996,262.350006,265.980011,265.766937,23991000
11/4/2021,272.290009,313.649994,271.179993,298.01001,297.771332,115363100
11/5/2021,301.869995,314,294.100006,297.519989,297.281647,85126000
11/8/2021,301.48999,311,299.070007,308.040009,307.793274,50310100
11/9/2021,322.820007,323.100006,299.640015,306.570007,306.324432,64674600
11/10/2021,293.559998,308.5,287.779999,294.589996,294.354034,63620600
11/11/2021,304.679993,305.899994,297.769989,303.899994,303.656586,33217200
11/12/2021,300.100006,306.799988,296.299988,303.899994,303.656586,41305400
11/15/2021,305.519989,306.440002,292.470001,300.25,300.009491,38490900
11/16/2021,297.589996,303.899994,297.059998,302.029999,301.788055,26448400
11/17/2021,304.179993,305.089996,288,292.609985,292.37561,42850800
11/18/2021,323.670013,327.600006,313.209991,316.75,316.496277,78171100
11/19/2021,322.429993,330.880005,319.049988,329.850006,329.585815,53386700
11/22/2021,335.170013,346.470001,319,319.559998,319.304016,75433500
11/23/2021,315.350006,323.600006,308.799988,317.459991,317.205688,53216300
11/24/2021,314.609985,328.549988,309.279999,326.73999,326.478271,43516200
11/26/2021,326,327.100006,313.5,315.029999,314.777679,28306900
11/29/2021,323.660004,334.119995,320.359985,333.76001,333.492676,45496400
11/30/2021,331.690002,333.529999,318.640015,326.76001,326.498291,62206600
12/1/2021,332.190002,332.890015,313.799988,314.350006,314.136658,48436800
12/2/2021,312.140015,324.779999,310.25,321.26001,321.041992,47289000
12/3/2021,320,321.290009,301.299988,306.929993,306.72171,54432500
12/6/2021,298.799988,302.410004,280.380005,300.369995,300.166138,65893800
12/7/2021,309.570007,324.48999,306.51001,324.269989,324.049957,59305300
12/8/2021,319.98999,322.899994,314.209991,318.26001,318.044006,47555100
12/9/2021,317.339996,322.049988,304.279999,304.899994,304.693085,48850700
12/10/2021,311.5,313.049988,298.609985,301.980011,301.775085,48882500
12/13/2021,302.48999,302.940002,281.160004,281.609985,281.418884,59834400
12/14/2021,276.98999,286.779999,272.5,283.369995,283.177704,66703500
12/15/2021,284,305,278.380005,304.589996,304.383301,69829700
12/16/2021,311.519989,311.600006,280.929993,283.869995,283.677338,70736600
12/17/2021,279.850006,289.220001,277.600006,278.01001,277.82135,71375800
12/20/2021,273.049988,281.440002,271.450012,277.190002,277.001923,46184700
12/21/2021,283.73999,291.200012,274.01001,290.75,290.552704,52438500
12/22/2021,288.910004,295.549988,284.48999,294,293.800476,39518400
12/23/2021,297.549988,300.589996,294.309998,296.399994,296.198853,34302200
12/27/2021,296.600006,310.869995,296.399994,309.450012,309.240021,40368600
12/28/2021,313.119995,313.299988,300.119995,303.220001,303.014191,42059100
12/29/2021,302.730011,305.480011,293.660004,300.01001,299.806427,34313900
12/30/2021,298.269989,304.570007,295.399994,295.859985,295.65921,30886400
12/31/2021,296.73999,300.299988,293.309998,294.109985,293.91037,26653000
1/3/2022,298.149994,307.109985,297.850006,301.209991,301.005585,39154700
1/4/2022,302.769989,304.679993,283.48999,292.899994,292.701233,52715400
1/5/2022,289.48999,294.160004,275.329987,276.040009,275.852692,49806400
1/6/2022,276.399994,284.380005,270.649994,281.779999,281.588776,45418600
1/7/2022,281.410004,284.220001,270.570007,272.470001,272.285095,40993900
1/10/2022,265.809998,274.690002,256.440002,274,273.814087,59468100
1/11/2022,273.230011,280.649994,268.390015,278.170013,277.981232,40408900
1/12/2022,280.670013,285.950012,276.079987,279.98999,279.799988,38341300
1/13/2022,283.790009,284.799988,264.980011,265.75,265.569672,54017100
1/14/2022,263,271.970001,262.100006,269.420013,269.237152,39583200
1/18/2022,262.600006,266.380005,257.700012,259.029999,258.854187,42427000
1/19/2022,260.790009,265.429993,250.520004,250.669998,250.499893,48831500
1/20/2022,253.039993,255.789993,240.779999,241.5,241.336105,43518100
1/21/2022,235.070007,248.229996,232.630005,233.740005,233.58139,71895800
1/24/2022,223.300003,233.800003,208.880005,233.720001,233.561401,91398200
1/25/2022,225.460007,229.429993,220,223.240005,223.088501,66461600
1/26/2022,232.399994,240.570007,223,227.720001,227.56546,75595900
1/27/2022,235.679993,239.949997,216.75,219.440002,219.291077,57335300
1/28/2022,220.119995,228.580002,212.960007,228.399994,228.244995,54377400
1/31/2022,231.820007,245.089996,230.520004,244.860001,244.693832,56468000
2/1/2022,251.039993,251.449997,238.899994,246.380005,246.212799,51892500
2/2/2022,257.940002,258.170013,245.529999,252.419998,252.248703,54341900
2/3/2022,244.580002,250.770004,237.800003,239.479996,239.317459,41017800
2/4/2022,239.720001,246.350006,236.320007,243.190002,243.024963,35482900
2/7/2022,243.720001,251.820007,242.020004,247.279999,247.112183,37686800
2/8/2022,243.589996,252.300003,239.800003,251.080002,250.909622,41035900
2/9/2022,256.220001,267.25,253.529999,267.049988,266.868744,52428200
2/10/2022,259.950012,269.25,256,258.23999,258.064728,51320000
2/11/2022,259.160004,261.519989,237.729996,239.490005,239.327469,60547200
2/14/2022,239.339996,248.75,237.550003,242.669998,242.50531,44042400
2/15/2022,249.490005,265.450012,247.839996,264.950012,264.770203,69986900
2/16/2022,262.589996,265.820007,255.520004,265.109985,264.930054,73267600
2/17/2022,256.299988,257.850006,241.649994,245.070007,244.903702,81059500
2/18/2022,246.679993,249.860001,231,236.419998,236.259567,76125500
2/22/2022,230.350006,240.639999,230,233.899994,233.741272,63342200
2/23/2022,238.020004,241.550003,223.009995,223.869995,223.718079,56651100
2/24/2022,210.149994,238,208.899994,237.479996,237.318832,73580100
2/25/2022,237.210007,242.169998,233.809998,241.570007,241.406067,52886600
2/28/2022,239.919998,246.649994,237.070007,243.850006,243.684525,47731900
3/1/2022,242.910004,243.770004,231.320007,234.770004,234.610687,41205600
3/2/2022,237.559998,244.089996,234.149994,242.199997,242.076874,38964200
3/3/2022,242.619995,243.259995,234.690002,237.139999,237.01944,36509500
3/4/2022,233.839996,236.800003,224.820007,229.360001,229.243408,43141500
3/7/2022,228.169998,230.330002,213.300003,213.520004,213.411453,45082100
3/8/2022,213.089996,223.729996,206.5,215.139999,215.030624,55746700
3/9/2022,223.869995,232.199997,222.470001,230.139999,230.022995,49274200
3/10/2022,225.309998,227.880005,218.820007,226.580002,226.464828,42806600
3/11/2022,230.220001,231.449997,220.460007,221,220.88765,36720900
3/14/2022,218.690002,222.619995,211.589996,213.300003,213.191559,38535400
3/15/2022,215.179993,230.380005,213.220001,229.729996,229.613205,49199600
3/16/2022,235,245.970001,231.720001,244.960007,244.83548,67142200
3/17/2022,241.199997,248.419998,239.059998,247.660004,247.534103,47194100
3/18/2022,247.990005,265.690002,246.240005,264.529999,264.395538,73071900
3/21/2022,265.070007,271.519989,259.670013,267.339996,267.204071,59172700
3/22/2022,267.269989,272.380005,260.720001,265.23999,265.105164,54700700
3/23/2022,261.26001,266.119995,255.75,256.339996,256.209686,50212000
3/24/2022,261.660004,283.200012,259.070007,281.5,281.356873,87737900
3/25/2022,278.859985,283.579987,272.709991,276.920013,276.779236,57901600
3/28/2022,277.559998,282.5,272.059998,282.190002,282.04657,42549400
3/29/2022,286.950012,289.459991,279.799988,286.559998,286.414307,48898400
3/30/2022,283.040009,284.959991,275.029999,276.899994,276.759216,46348700
3/31/2022,277.820007,282.480011,272.700012,272.859985,272.721252,52344000
4/1/2022,273.75,274.959991,262.670013,267.119995,266.984192,51723500
4/4/2022,267.279999,275.579987,266.130005,273.600006,273.460907,39712000
4/5/2022,272.540009,273.190002,258.200012,259.309998,259.178162,43661500
4/6/2022,249.339996,253,240.029999,244.070007,243.945923,70383300
4/7/2022,244.410004,247.220001,234.779999,242.080002,241.95694,55799200
4/8/2022,239.169998,239.229996,230.619995,231.190002,231.072479,52478100
4/11/2022,222.139999,223.199997,216.600006,219.169998,219.058578,57520700
4/12/2022,225.369995,227.25,212.820007,215.039993,214.930664,66225800
4/13/2022,217.279999,225,214.550003,222.029999,221.91713,51694300
4/14/2022,225.050003,227.770004,211.630005,212.580002,212.471924,56909700
4/18/2022,212,220.880005,210.789993,217.830002,217.719269,52570100
4/19/2022,217.199997,223.729996,213.139999,221.979996,221.867142,51278100
4/20/2022,225.169998,226.699997,212,214.820007,214.7108,46897400
4/21/2022,217.089996,223.919998,200,201.830002,201.727386,65620900
4/22/2022,203.029999,204.860001,195,195.149994,195.050781,62471300
4/25/2022,192.020004,199.449997,190.960007,199.020004,198.918823,64156600
4/26/2022,197.179993,197.880005,186.699997,187.880005,187.7845,65314300
4/27/2022,185.979996,191.669998,182.899994,184.149994,184.056381,49946000
4/28/2022,189.669998,200.369995,184.899994,197.820007,197.719452,57032700
4/29/2022,194.020004,201.279999,185.169998,185.470001,185.375717,50043500
5/2/2022,185.410004,195.740005,183.910004,195.330002,195.230698,57204900
5/3/2022,194,198.25,191.330002,196.020004,195.920364,47575100
5/4/2022,199.229996,204,187.509995,203.339996,203.236618,64885500
5/5/2022,198.669998,199.25,185,188.440002,188.344208,62633100
5/6/2022,187.360001,195.119995,179.899994,186.75,186.65506,63329700
5/9/2022,180.339996,182.550003,168.270004,169.5,169.413834,64445500
5/10/2022,176.889999,181.979996,170.25,175.949997,175.86055,76147400
5/11/2022,173.470001,177.529999,165.679993,166.300003,166.215454,67016700
5/12/2022,162.190002,167.880005,155.669998,161.75,161.667786,70872800
5/13/2022,167.880005,179.279999,165.929993,177.059998,176.969986,67043700
5/16/2022,175.089996,177.880005,171.059998,172.639999,172.552246,52144600
5/17/2022,180.740005,183.710007,176.339996,181.770004,181.677597,58583000
5/18/2022,177.050003,181.179993,168.639999,169.380005,169.2939,54516100
5/19/2022,169.369995,176.869995,167.339996,171.240005,171.152954,62131000
5/20/2022,173.320007,174.100006,157.550003,166.940002,166.855148,73910500
5/23/2022,162.740005,169.149994,161.789993,168.979996,168.894089,63988900
5/24/2022,165.100006,165.970001,157.800003,161.539993,161.45787,58855000
5/25/2022,160.199997,171.110001,160,169.75,169.663712,78113200
5/26/2022,160.360001,180.919998,160.220001,178.509995,178.419235,99657500
5/27/2022,181.860001,188.809998,181,188.110001,188.014374,73837900
5/31/2022,189.800003,192,183.5,186.720001,186.625092,66410000
6/1/2022,187.240005,190.529999,181.220001,183.199997,183.106857,54451400
6/2/2022,182.919998,196.190002,181.979996,195.919998,195.820389,64865600
6/3/2022,190.820007,193.320007,185.220001,187.199997,187.104828,59877900
6/6/2022,191.389999,193.369995,185.639999,187.860001,187.764496,42240600
6/7/2022,184.720001,190,181.880005,189.259995,189.163773,38891400
6/8/2022,187.990005,191.800003,185.350006,186.479996,186.424591,36325200
6/9/2022,184.809998,189.330002,180.410004,180.479996,180.426376,39557400
6/10/2022,176,176.970001,168.690002,169.740005,169.689575,46524800
6/13/2022,160,163.119995,156.059998,156.470001,156.423523,60415300
6/14/2022,157.309998,160.660004,154.119995,158.360001,158.312958,46968000
6/15/2022,160.949997,168.679993,159.259995,165.270004,165.220901,56393600
6/16/2022,158.600006,159.419998,154.009995,156.009995,155.963654,54574900
6/17/2022,156.479996,159.949997,153.279999,158.800003,158.752823,63033400
6/21/2022,164.75,170.080002,164.070007,165.660004,165.610794,48308900
6/22/2022,162.259995,166.619995,161.800003,163.600006,163.551407,43713500
6/23/2022,165.190002,165.850006,158.529999,162.25,162.201797,46368000
6/24/2022,165,171.399994,163.100006,171.259995,171.209122,47215300
6/27/2022,173.119995,173.300003,166.259995,168.690002,168.639893,42796800
6/28/2022,169,172.020004,159.449997,159.820007,159.772537,46114900
6/29/2022,158.139999,158.199997,151.699997,155.419998,155.373825,48235200
6/30/2022,153.610001,155.669998,148.619995,151.589996,151.544968,68607000
7/1/2022,148.990005,150.630005,143.919998,145.229996,145.186859,57761000
7/5/2022,141.75,149.710007,140.550003,149.639999,149.595551,65139700
7/6/2022,150.100006,153.190002,147.889999,151.300003,151.255051,52906600
7/7/2022,154.559998,159.449997,153.889999,158.580002,158.532898,49290300
7/8/2022,154.300003,160.369995,153.889999,158.380005,158.332962,46797200
7/11/2022,155.259995,155.270004,150.380005,151.520004,151.474991,43732100
7/12/2022,152.679993,154.309998,148.770004,150.820007,150.775208,45848300
7/13/2022,145.899994,153.75,144.649994,151.639999,151.594955,52191800
7/14/2022,151.080002,154.729996,147.279999,153.720001,153.674332,45623500
7/15/2022,156.589996,157.820007,154.449997,157.619995,157.573166,38593500
7/18/2022,163.020004,168.970001,160.020004,161.009995,160.962158,67051700
7/19/2022,164.860001,171.100006,161.720001,169.919998,169.869522,70236600
7/20/2022,169.470001,179.330002,168.009995,178.070007,178.017105,76053800
7/21/2022,178.850006,181.440002,175.449997,180.5,180.446381,55704900
7/22/2022,178.929993,179.669998,171.369995,173.190002,173.13855,53667100
7/25/2022,170.190002,171.240005,166.490005,170.240005,170.189438,48074800
7/26/2022,168.889999,169.190002,164.779999,165.330002,165.280884,39786500
7/27/2022,170.320007,179.360001,169.130005,177.899994,177.847153,56977600
7/28/2022,179.75,181.399994,174.399994,179.839996,179.786575,47464600
7/29/2022,178.130005,182.440002,176.919998,181.630005,181.57605,43546000
8/1/2022,181.820007,188.460007,179.899994,184.410004,184.355225,47646900
8/2/2022,181.220001,189.380005,180.919998,185.259995,185.204956,48952700
8/3/2022,181.839996,189.679993,181.369995,188.929993,188.873871,41814600
8/4/2022,188.490005,192.740005,187.600006,192.149994,192.092911,40965200
8/5/2022,188.100006,192.289993,186.660004,189.889999,189.833588,38606800
8/8/2022,175.020004,182.389999,172.419998,177.929993,177.877136,98185900
8/9/2022,172.520004,174.470001,167.240005,170.860001,170.80925,66826300
8/10/2022,176.979996,181.179993,173.169998,180.970001,180.916245,59742200
8/11/2022,181.309998,187.070007,178.759995,179.419998,179.366699,50932700
8/12/2022,181.600006,187.179993,179.529999,187.089996,187.034424,47809400
8/15/2022,187.009995,191.639999,186.130005,190.320007,190.263474,45766600
8/16/2022,189.199997,191.419998,185.009995,188.789993,188.733902,45124000
8/17/2022,185.229996,186.880005,181.449997,183.350006,183.295532,44679900
8/18/2022,183.009995,188.649994,181.830002,187.729996,187.674225,41544700
8/19/2022,184.059998,185.199997,177.699997,178.490005,178.436981,44158800
8/22/2022,174.899994,175.580002,169.660004,170.339996,170.289398,40959300
8/23/2022,169.889999,174.649994,169.699997,171.809998,171.758957,36998600
8/24/2022,170.119995,174.059998,168.949997,172.220001,172.168839,52266100
8/25/2022,168.440002,179.470001,168.330002,179.130005,179.076797,77069100
8/26/2022,178.570007,179.240005,162.369995,162.600006,162.551697,76912700
8/29/2022,160.199997,163.380005,157.669998,158.009995,157.963058,49613200
8/30/2022,159.600006,160.389999,151.820007,154.679993,154.634048,53018100
8/31/2022,153.839996,155.399994,149.589996,150.940002,150.895157,57371000
9/1/2022,142.089996,143.800003,132.699997,139.369995,139.328598,117886500
9/2/2022,141,141.710007,135.910004,136.470001,136.429459,74259000
9/6/2022,137.309998,137.789993,133.509995,134.649994,134.610001,53575100
9/7/2022,135.630005,138.380005,133.460007,137.139999,137.139999,51265700
9/8/2022,134.589996,140.080002,133.690002,139.899994,139.899994,62487300
9/9/2022,141.570007,144.740005,141.259995,143.869995,143.869995,48661200
9/12/2022,143.690002,145.470001,141.979996,145.050003,145.050003,48415900
9/13/2022,138.020004,139.220001,130.990005,131.309998,131.309998,71495600
9/14/2022,132.539993,132.899994,129.130005,131.279999,131.279999,58850700
9/15/2022,130.149994,132.330002,127.900002,129.289993,129.289993,52362500
9/16/2022,127.419998,132.119995,126.169998,131.979996,131.979996,66999100
9/19/2022,130.119995,134.630005,130.100006,133.820007,133.820007,56968500
9/20/2022,132.149994,134.830002,130.570007,131.759995,131.759995,52481800
9/21/2022,132.130005,140.309998,131.100006,132.610001,132.610001,80767900
9/22/2022,130.699997,131.490005,124.279999,125.610001,125.610001,75916200
9/23/2022,124.199997,126.110001,122.57,125.160004,125.160004,66184000
9/26/2022,124.910004,126.589996,122.139999,122.279999,122.279999,54734300
9/27/2022,125.07,127.360001,122.580002,124.129997,124.129997,55385400
9/28/2022,124.099998,128.229996,123.540001,127.360001,127.360001,54241400
9/29/2022,124.480003,125,119.459999,122.199997,122.199997,53276300
9/30/2022,120.870003,126.330002,120.75,121.389999,121.389999,56486900
