Date,Index
2-Jan-17,
3-Jan-17,2257.828026
4-Jan-17,2270.75253
5-Jan-17,2268.998505
6-Jan-17,2276.981445
9-Jan-17,2268.904213
10-Jan-17,2268.899452
11-Jan-17,2275.315878
12-Jan-17,2270.442867
13-Jan-17,2274.637743
16-Jan-17,
17-Jan-17,2267.888634
18-Jan-17,2271.889369
19-Jan-17,2263.68678
20-Jan-17,2271.314729
23-Jan-17,2265.200206
24-Jan-17,2280.074172
25-Jan-17,2298.367403
26-Jan-17,2296.680836
27-Jan-17,2294.689729
30-Jan-17,2280.896292
31-Jan-17,2278.866891
1-Feb-17,2279.554291
2-Feb-17,2280.850354
3-Feb-17,2297.415857
6-Feb-17,2292.558386
7-Feb-17,2293.081079
8-Feb-17,2294.668614
9-Feb-17,2307.874649
10-Feb-17,2316.09707
13-Feb-17,2328.253265
14-Feb-17,2337.584574
15-Feb-17,2349.247409
16-Feb-17,2347.223539
17-Feb-17,2351.161699
20-Feb-17,
21-Feb-17,2365.382724
22-Feb-17,2362.821526
23-Feb-17,2363.806651
24-Feb-17,2367.344247
27-Feb-17,2369.750293
28-Feb-17,2363.638197
1-Mar-17,2395.957142
2-Mar-17,2381.918207
3-Mar-17,2383.117037
6-Mar-17,2375.311124
7-Mar-17,2368.39421
8-Mar-17,2362.976996
9-Mar-17,2364.869787
10-Mar-17,2372.597752
13-Mar-17,2373.472982
14-Mar-17,2365.454896
15-Mar-17,2385.264465
16-Mar-17,2381.382248
17-Mar-17,2378.253051
20-Mar-17,2373.471609
21-Mar-17,2344.017119
22-Mar-17,2348.448836
23-Mar-17,2345.962163
24-Mar-17,2343.97814
27-Mar-17,2341.590595
28-Mar-17,2358.566462
29-Mar-17,2361.132961
30-Mar-17,2368.060568
31-Mar-17,2362.71822
3-Apr-17,2358.83509
4-Apr-17,2360.155691
5-Apr-17,2352.948191
6-Apr-17,2357.48907
7-Apr-17,2355.544992
10-Apr-17,2357.163381
11-Apr-17,2353.776992
12-Apr-17,2344.926332
13-Apr-17,2328.953347
14-Apr-17,
17-Apr-17,2349.010221
18-Apr-17,2342.187831
19-Apr-17,2338.165988
20-Apr-17,2355.84408
21-Apr-17,2348.694958
24-Apr-17,2374.150691
25-Apr-17,2388.614925
26-Apr-17,2387.447931
27-Apr-17,2388.768836
28-Apr-17,2384.195518
1-May-17,2388.327185
2-May-17,2391.165942
3-May-17,2388.134893
4-May-17,2389.521661
5-May-17,2399.28571
8-May-17,2399.377329
9-May-17,2396.919424
10-May-17,2399.629959
11-May-17,2394.439798
12-May-17,2390.897226
15-May-17,2402.320282
16-May-17,2400.674169
17-May-17,2357.032167
18-May-17,2365.723963
19-May-17,2381.726704
22-May-17,2394.024077
23-May-17,2398.418602
24-May-17,2404.387022
25-May-17,2415.065703
26-May-17,2415.82248
29-May-17,
30-May-17,2412.906567
31-May-17,2411.797324
1-Jun-17,2430.061071
2-Jun-17,2439.07025
5-Jun-17,2436.096196
6-Jun-17,2429.327257
7-Jun-17,2433.13743
8-Jun-17,2433.790631
9-Jun-17,2431.772365
12-Jun-17,2429.391256
13-Jun-17,2440.347496
14-Jun-17,2437.920481
15-Jun-17,2432.459127
16-Jun-17,2433.150829
19-Jun-17,2453.458604
20-Jun-17,2437.028134
21-Jun-17,2435.611685
22-Jun-17,2434.497409
23-Jun-17,2438.296912
26-Jun-17,2439.065477
27-Jun-17,2419.375862
28-Jun-17,2440.690329
29-Jun-17,2419.697111
30-Jun-17,2423.408891
3-Jul-17,2429.014879
4-Jul-17,
5-Jul-17,2432.54234
6-Jul-17,2409.74978
7-Jul-17,2425.176961
10-Jul-17,2427.434488
11-Jul-17,2425.526214
12-Jul-17,2443.251177
13-Jul-17,2447.834276
14-Jul-17,2459.270991
17-Jul-17,2459.140719
18-Jul-17,2460.610443
19-Jul-17,2473.827785
20-Jul-17,2473.449383
21-Jul-17,2472.535854
24-Jul-17,2469.911917
25-Jul-17,2477.12537
26-Jul-17,2477.830511
27-Jul-17,2475.420891
28-Jul-17,2472.098537
31-Jul-17,2470.300025
1-Aug-17,2476.34721
2-Aug-17,2477.568097
3-Aug-17,2472.157628
4-Aug-17,2476.830997
7-Aug-17,2480.912021
8-Aug-17,2474.918841
9-Aug-17,2474.01708
10-Aug-17,2438.20971
11-Aug-17,2441.320241
14-Aug-17,2465.835812
15-Aug-17,2464.609993
16-Aug-17,2468.10726
17-Aug-17,2430.007878
18-Aug-17,2425.55217
21-Aug-17,2428.367986
22-Aug-17,2452.510273
23-Aug-17,2444.043245
24-Aug-17,2438.96812
25-Aug-17,2443.045798
28-Aug-17,2444.240315
29-Aug-17,2446.295524
30-Aug-17,2457.585812
31-Aug-17,2471.650208
1-Sep-17,2476.552389
4-Sep-17,
5-Sep-17,2457.849871
6-Sep-17,2465.543623
7-Sep-17,2465.102136
8-Sep-17,2461.433644
11-Sep-17,2488.107965
12-Sep-17,2496.48362
13-Sep-17,2498.370815
14-Sep-17,2495.619154
15-Sep-17,2500.225858
18-Sep-17,2503.869556
19-Sep-17,2506.647935
20-Sep-17,2508.236048
21-Sep-17,2500.602617
22-Sep-17,2502.222225
25-Sep-17,2496.66059
26-Sep-17,2496.840894
27-Sep-17,2507.043281
28-Sep-17,2510.061992
29-Sep-17,2519.359672
2-Oct-17,2529.115299
3-Oct-17,2534.579683
4-Oct-17,2537.74124
5-Oct-17,2552.065399
6-Oct-17,2549.331509
9-Oct-17,2544.728577
10-Oct-17,2550.642433
11-Oct-17,2555.240789
12-Oct-17,2550.933009
13-Oct-17,2553.169373
16-Oct-17,2557.639738
17-Oct-17,2559.356311
18-Oct-17,2561.264453
19-Oct-17,2562.103755
20-Oct-17,2575.205878
23-Oct-17,2564.978524
24-Oct-17,2569.13426
25-Oct-17,2557.150985
26-Oct-17,2560.399195
27-Oct-17,2581.065703
30-Oct-17,2572.833603
31-Oct-17,2575.26383
1-Nov-17,2579.35585
2-Nov-17,2579.851652
3-Nov-17,2587.836057
6-Nov-17,2591.128442
7-Nov-17,2590.641757
8-Nov-17,2594.375209
9-Nov-17,2584.621274
10-Nov-17,2582.300039
13-Nov-17,2584.844826
14-Nov-17,2578.871824
15-Nov-17,2564.62051
16-Nov-17,2585.643164
17-Nov-17,2578.854324
20-Nov-17,2582.141589
21-Nov-17,2599.029193
22-Nov-17,2597.077203
23-Nov-17,
24-Nov-17,2602.424708
27-Nov-17,2601.423891
28-Nov-17,2627.044025
29-Nov-17,2626.066195
30-Nov-17,2647.579927
1-Dec-17,2642.215765
4-Dec-17,2639.437048
5-Dec-17,2629.570845
6-Dec-17,2629.266914
7-Dec-17,2636.976494
8-Dec-17,2651.501
11-Dec-17,2659.98965
12-Dec-17,2664.105729
13-Dec-17,2662.845188
14-Dec-17,2652.012444
15-Dec-17,2675.807981
18-Dec-17,2690.158251
19-Dec-17,2681.473629
20-Dec-17,2679.248085
21-Dec-17,2684.569176
22-Dec-17,2683.337274
25-Dec-17,
26-Dec-17,2680.504486
27-Dec-17,2682.619923
28-Dec-17,2687.537829
29-Dec-17,2673.610523
1-Jan-18,
2-Jan-18,2695.809772
3-Jan-18,2713.061006
4-Jan-18,2723.992595
5-Jan-18,2743.147773
8-Jan-18,2747.710233
9-Jan-18,2751.285249
10-Jan-18,2748.22549
11-Jan-18,2767.558142
12-Jan-18,2786.244143
15-Jan-18,
16-Jan-18,2776.420024
17-Jan-18,2802.555574
18-Jan-18,2798.030257
19-Jan-18,2810.302683
22-Jan-18,2832.9741
23-Jan-18,2839.130362
24-Jan-18,2837.544008
25-Jan-18,2839.253031
26-Jan-18,2872.867839
29-Jan-18,2853.528411
30-Jan-18,2822.433948
31-Jan-18,2823.809937
1-Feb-18,2821.975893
2-Feb-18,2762.125334
5-Feb-18,2648.939082
6-Feb-18,2695.144239
7-Feb-18,2681.660135
8-Feb-18,2580.999481
9-Feb-18,2619.545595
12-Feb-18,2655.997527
13-Feb-18,2662.942903
14-Feb-18,2698.633663
15-Feb-18,2731.204141
16-Feb-18,2732.219837
19-Feb-18,
20-Feb-18,2716.255542
21-Feb-18,2701.328793
22-Feb-18,2703.961257
23-Feb-18,2747.298549
26-Feb-18,2779.595974
27-Feb-18,2744.280691
28-Feb-18,2713.830539
1-Mar-18,2677.670936
2-Mar-18,2691.252769
5-Mar-18,2720.940897
6-Mar-18,2728.122
7-Mar-18,2726.801369
8-Mar-18,2738.96943
9-Mar-18,2786.565103
12-Mar-18,2783.019263
13-Mar-18,2765.309453
14-Mar-18,2749.482269
15-Mar-18,2747.32985
16-Mar-18,2752.011788
19-Mar-18,2712.917368
20-Mar-18,2716.942235
21-Mar-18,2711.928088
22-Mar-18,2643.692182
23-Mar-18,2588.262792
26-Mar-18,2658.554182
27-Mar-18,2612.624597
28-Mar-18,2604.997497
29-Mar-18,2640.86599
30-Mar-18,
2-Apr-18,2581.88161
3-Apr-18,2614.445671
4-Apr-18,2644.687961
5-Apr-18,2662.836242
6-Apr-18,2604.469385
9-Apr-18,2613.158839
10-Apr-18,2656.867981
11-Apr-18,2642.190211
12-Apr-18,2663.9948
13-Apr-18,2656.296906
16-Apr-18,2677.839563
17-Apr-18,2706.385087
18-Apr-18,2708.638953
19-Apr-18,2693.12573
20-Apr-18,2670.141756
23-Apr-18,2670.290482
24-Apr-18,2634.556452
25-Apr-18,2639.395027
26-Apr-18,2666.942784
27-Apr-18,2669.906272
30-Apr-18,2648.049365
1-May-18,2654.800652
2-May-18,2635.668547
3-May-18,2629.725615
4-May-18,2663.420337
7-May-18,2672.628498
8-May-18,2671.918262
9-May-18,2697.791549
10-May-18,2723.068903
11-May-18,2727.715928
14-May-18,2730.132457
15-May-18,2711.445524
16-May-18,2722.462297
17-May-18,2720.127207
18-May-18,2712.974714
21-May-18,2733.01082
22-May-18,2724.444041
23-May-18,2733.289269
24-May-18,2727.763195
25-May-18,2721.327956
28-May-18,
29-May-18,2689.857249
30-May-18,2724.009911
31-May-18,2705.274752
1-Jun-18,2734.618855
4-Jun-18,2746.871114
5-Jun-18,2748.795186
6-Jun-18,2772.345785
7-Jun-18,2770.372047
8-Jun-18,2779.028591
11-Jun-18,2782.00486
12-Jun-18,2786.852473
13-Jun-18,2775.626751
14-Jun-18,2782.489406
15-Jun-18,2779.663027
18-Jun-18,2773.745041
19-Jun-18,2762.594647
20-Jun-18,2767.317905
21-Jun-18,2749.757969
22-Jun-18,2754.876995
25-Jun-18,2717.074218
26-Jun-18,2723.058886
27-Jun-18,2699.626203
28-Jun-18,2716.309936
29-Jun-18,2718.373465
2-Jul-18,2726.713764
3-Jul-18,2713.220886
4-Jul-18,
5-Jul-18,2736.612571
6-Jul-18,2759.821916
9-Jul-18,2784.17324
10-Jul-18,2793.839151
11-Jul-18,2774.017478
12-Jul-18,2798.286922
13-Jul-18,2801.311373
16-Jul-18,2798.434604
17-Jul-18,2809.551622
18-Jul-18,2815.619784
19-Jul-18,2804.493414
20-Jul-18,2801.828088
23-Jul-18,2806.982899
24-Jul-18,2820.40413
25-Jul-18,2846.067043
26-Jul-18,2837.439986
27-Jul-18,2818.817626
30-Jul-18,2802.601446
31-Jul-18,2816.288631
1-Aug-18,2813.364909
2-Aug-18,2827.218258
3-Aug-18,2840.353554
6-Aug-18,2850.396578
7-Aug-18,2858.451509
8-Aug-18,2857.704495
9-Aug-18,2853.583948
10-Aug-18,2833.283632
13-Aug-18,2821.928234
14-Aug-18,2839.955391
15-Aug-18,2818.37302
16-Aug-18,2840.687972
17-Aug-18,2850.131612
20-Aug-18,2857.054007
21-Aug-18,2862.956988
22-Aug-18,2861.82463
23-Aug-18,2856.980541
24-Aug-18,2874.689144
27-Aug-18,2896.735635
28-Aug-18,2897.522045
29-Aug-18,2914.041365
30-Aug-18,2901.126596
31-Aug-18,2901.517677
3-Sep-18,
4-Sep-18,2896.723286
5-Sep-18,2888.601799
6-Sep-18,2878.052433
7-Sep-18,2871.681528
10-Sep-18,2877.126146
11-Sep-18,2887.893797
12-Sep-18,2888.916655
13-Sep-18,2904.18386
14-Sep-18,2904.975385
17-Sep-18,2888.801145
18-Sep-18,2904.310646
19-Sep-18,2907.945394
20-Sep-18,2930.746152
21-Sep-18,2929.667196
24-Sep-18,2919.373149
25-Sep-18,2915.564284
26-Sep-18,2905.965588
27-Sep-18,2913.998186
28-Sep-18,2913.97814
1-Oct-18,2924.590937
2-Oct-18,2923.433453
3-Oct-18,2925.513038
4-Oct-18,2901.611488
5-Oct-18,2885.566252
8-Oct-18,2884.432674
9-Oct-18,2880.343712
10-Oct-18,2785.679179
11-Oct-18,2728.366291
12-Oct-18,2767.126018
15-Oct-18,2750.786041
16-Oct-18,2809.915671
17-Oct-18,2809.209082
18-Oct-18,2768.784593
19-Oct-18,2767.780487
22-Oct-18,2755.883758
23-Oct-18,2740.692385
24-Oct-18,2656.103225
25-Oct-18,2705.568281
26-Oct-18,2658.685113
29-Oct-18,2641.245119
30-Oct-18,2682.630996
31-Oct-18,2711.744408
1-Nov-18,2740.372458
2-Nov-18,2723.058278
5-Nov-18,2738.313679
6-Nov-18,2755.450836
7-Nov-18,2813.894814
8-Nov-18,2806.830988
9-Nov-18,2781.009157
12-Nov-18,2726.215837
13-Nov-18,2722.18199
14-Nov-18,2701.576142
15-Nov-18,2730.20252
16-Nov-18,2736.268988
19-Nov-18,2690.731216
20-Nov-18,2641.890298
21-Nov-18,2649.929079
22-Nov-18,
23-Nov-18,2632.556635
26-Nov-18,2673.447415
27-Nov-18,2682.169731
28-Nov-18,2743.785211
29-Nov-18,2737.760295
30-Nov-18,2760.174257
3-Dec-18,2790.369478
4-Dec-18,2700.064368
5-Dec-18,
6-Dec-18,2695.945355
7-Dec-18,2633.078821
10-Dec-18,2637.723071
11-Dec-18,2636.783761
12-Dec-18,2651.067697
13-Dec-18,2650.535177
14-Dec-18,2599.954346
17-Dec-18,2545.939769
18-Dec-18,2546.161101
19-Dec-18,2506.955215
20-Dec-18,2467.41847
21-Dec-18,2416.618385
24-Dec-18,2351.099534
25-Dec-18,
26-Dec-18,2467.704065
27-Dec-18,2488.827436
28-Dec-18,2485.735216
31-Dec-18,2506.847183
1-Jan-19,
2-Jan-19,2510.030134
3-Jan-19,2447.893431
4-Jan-19,2531.943412
7-Jan-19,2549.690014
8-Jan-19,2574.410963
9-Jan-19,2584.963662
10-Jan-19,2596.640508
11-Jan-19,2596.257302
14-Jan-19,2582.613862
15-Jan-19,2610.302567
16-Jan-19,2616.097126
17-Jan-19,2635.956679
18-Jan-19,2670.711713
21-Jan-19,
22-Jan-19,2632.903926
23-Jan-19,2638.696846
24-Jan-19,2642.332567
25-Jan-19,2664.76051
28-Jan-19,2643.845686
29-Jan-19,2640.004723
30-Jan-19,2681.051086
31-Jan-19,2704.10058
1-Feb-19,2706.53346
4-Feb-19,2724.866907
5-Feb-19,2737.702131
6-Feb-19,2731.614983
7-Feb-19,2706.054435
8-Feb-19,2707.880385
11-Feb-19,2709.803874
12-Feb-19,2744.733522
13-Feb-19,2753.033549
14-Feb-19,2745.729785
15-Feb-19,2775.597101
18-Feb-19,
19-Feb-19,2779.758099
20-Feb-19,2784.696176
21-Feb-19,2774.876125
22-Feb-19,2792.671022
25-Feb-19,2796.106549
26-Feb-19,2793.89858
27-Feb-19,2792.380076
28-Feb-19,2784.491359
1-Mar-19,2803.694354
4-Mar-19,2792.810902
5-Mar-19,2789.65098
6-Mar-19,2771.447642
7-Mar-19,2748.92578
8-Mar-19,2743.067669
11-Mar-19,2783.295007
12-Mar-19,2791.522281
13-Mar-19,2810.917512
14-Mar-19,2808.482788
15-Mar-19,2822.476649
18-Mar-19,2832.940579
19-Mar-19,2832.567386
20-Mar-19,2824.225814
21-Mar-19,2854.87667
22-Mar-19,2800.712447
25-Mar-19,2798.361645
26-Mar-19,2818.457885
27-Mar-19,2805.373157
28-Mar-19,2815.437295
29-Mar-19,2834.39982
1-Apr-19,2867.193889
2-Apr-19,2867.236444
3-Apr-19,2873.399148
4-Apr-19,2879.390781
5-Apr-19,2892.744397
8-Apr-19,2895.770593
9-Apr-19,2878.200631
10-Apr-19,2888.210417
11-Apr-19,2888.319454
12-Apr-19,2907.414383
15-Apr-19,2905.583274
16-Apr-19,2907.057548
17-Apr-19,2900.453136
18-Apr-19,2905.03252
19-Apr-19,
22-Apr-19,2907.972677
23-Apr-19,2933.675818
24-Apr-19,2927.252365
25-Apr-19,2926.173075
26-Apr-19,2939.881669
29-Apr-19,2943.02692
30-Apr-19,2945.830887
1-May-19,2923.731938
2-May-19,2917.51638
3-May-19,2945.63779
6-May-19,2932.473849
7-May-19,2884.050308
8-May-19,2879.419642
9-May-19,2870.717096
10-May-19,2881.40051
13-May-19,2811.8654
14-May-19,2834.4068
15-May-19,2850.964534
16-May-19,2876.316928
17-May-19,2859.532347
20-May-19,2840.233132
21-May-19,2864.359409
22-May-19,2856.274151
23-May-19,2822.240956
24-May-19,2826.064686
27-May-19,
28-May-19,2802.385218
29-May-19,2783.018322
30-May-19,2788.864931
31-May-19,2752.062886
3-Jun-19,2744.446443
4-Jun-19,2803.272536
5-Jun-19,2826.1506
6-Jun-19,2843.490377
7-Jun-19,2873.342002
10-Jun-19,2886.734127
11-Jun-19,2885.722146
12-Jun-19,2879.836459
13-Jun-19,2891.640535
14-Jun-19,2886.98321
17-Jun-19,2889.669978
18-Jun-19,2917.750762
19-Jun-19,2926.455815
20-Jun-19,2954.181873
21-Jun-19,2950.455013
24-Jun-19,2945.348796
25-Jun-19,2917.38314
26-Jun-19,2913.778778
27-Jun-19,2924.921202
28-Jun-19,2941.760637
1-Jul-19,2964.332842
2-Jul-19,2973.011928
3-Jul-19,2995.822592
4-Jul-19,
5-Jul-19,2990.409583
8-Jul-19,2975.945501
9-Jul-19,2979.625806
10-Jul-19,2993.069958
11-Jul-19,2999.906947
12-Jul-19,3013.772649
15-Jul-19,3014.297885
16-Jul-19,3004.043104
17-Jul-19,2984.423471
18-Jul-19,2995.112465
19-Jul-19,2976.609057
22-Jul-19,2985.031155
23-Jul-19,3005.473487
24-Jul-19,3019.55656
25-Jul-19,3003.671251
26-Jul-19,3025.859148
29-Jul-19,3020.968123
30-Jul-19,3013.181863
31-Jul-19,2980.378854
1-Aug-19,2953.560124
2-Aug-19,2932.045207
5-Aug-19,2844.742708
6-Aug-19,2881.774074
7-Aug-19,2883.984417
8-Aug-19,2938.094526
9-Aug-19,2918.645602
12-Aug-19,2883.749479
13-Aug-19,2926.324771
14-Aug-19,2840.598283
15-Aug-19,2847.595064
16-Aug-19,2888.677981
19-Aug-19,2923.648226
20-Aug-19,2900.510268
21-Aug-19,2924.430317
22-Aug-19,2922.952358
23-Aug-19,2847.110984
26-Aug-19,2878.383885
27-Aug-19,2869.156111
28-Aug-19,2887.93879
29-Aug-19,2924.577099
30-Aug-19,2926.458129
2-Sep-19,
3-Sep-19,2906.271106
4-Sep-19,2937.779025
5-Sep-19,2975.997446
6-Sep-19,2978.707811
9-Sep-19,2978.433796
10-Sep-19,2979.385546
11-Sep-19,3000.926355
12-Sep-19,3009.571875
13-Sep-19,3007.387374
16-Sep-19,2997.959591
17-Sep-19,3005.696462
18-Sep-19,3006.729986
19-Sep-19,3006.790782
20-Sep-19,2992.072294
23-Sep-19,2991.779033
24-Sep-19,2966.596004
25-Sep-19,2984.868333
26-Sep-19,2977.617436
27-Sep-19,2961.793116
30-Sep-19,2976.737272
1-Oct-19,2940.248588
2-Oct-19,2887.606504
3-Oct-19,2910.634041
4-Oct-19,2952.007564
7-Oct-19,2938.789393
8-Oct-19,2893.055581
9-Oct-19,2919.400097
10-Oct-19,2938.132355
11-Oct-19,2970.269545
14-Oct-19,2966.150456
15-Oct-19,2995.683133
16-Oct-19,2989.693781
17-Oct-19,2997.952886
18-Oct-19,2986.203484
21-Oct-19,3006.724282
22-Oct-19,2995.992964
23-Oct-19,3004.524331
24-Oct-19,3010.285303
25-Oct-19,3022.549644
28-Oct-19,3039.419922
29-Oct-19,3036.892248
30-Oct-19,3046.7662
31-Oct-19,3037.564435
1-Nov-19,3066.914735
4-Nov-19,3078.26973
5-Nov-19,3074.615917
6-Nov-19,3076.775343
7-Nov-19,3085.181861
8-Nov-19,3093.084803
11-Nov-19,3087.005018
12-Nov-19,3091.839016
13-Nov-19,3094.03534
14-Nov-19,3096.633127
15-Nov-19,3120.460403
18-Nov-19,3122.028007
19-Nov-19,3120.181284
20-Nov-19,3108.45815
21-Nov-19,3103.536912
22-Nov-19,3110.288349
25-Nov-19,3133.642823
26-Nov-19,3140.519864
27-Nov-19,3153.628071
28-Nov-19,
29-Nov-19,3140.980628
2-Dec-19,3113.873631
3-Dec-19,3093.200913
4-Dec-19,3112.756345
5-Dec-19,3117.428588
6-Dec-19,3145.911026
9-Dec-19,3135.961384
10-Dec-19,3132.518607
11-Dec-19,3141.626677
12-Dec-19,3168.569171
13-Dec-19,3168.799633
16-Dec-19,3191.449019
17-Dec-19,3192.51858
18-Dec-19,3191.142044
19-Dec-19,3205.368378
20-Dec-19,3221.224583
23-Dec-19,3224.009886
24-Dec-19,3223.3757
25-Dec-19,
26-Dec-19,3239.907138
27-Dec-19,3240.020358
30-Dec-19,3221.291808
31-Dec-19,3230.78195
1-Jan-20,
2-Jan-20,3257.847787
3-Jan-20,3234.848563
6-Jan-20,3246.282557
7-Jan-20,3237.182452
8-Jan-20,3253.045944
9-Jan-20,3274.704193
10-Jan-20,3265.351135
13-Jan-20,3288.13354
14-Jan-20,3283.152448
15-Jan-20,3289.292587
16-Jan-20,3316.805892
17-Jan-20,3329.622658
20-Jan-20,
21-Jan-20,3320.790848
22-Jan-20,3321.746853
23-Jan-20,3325.542789
24-Jan-20,3295.473449
27-Jan-20,3243.628204
28-Jan-20,3276.24344
29-Jan-20,3273.402603
30-Jan-20,3283.659043
31-Jan-20,3225.516316
3-Feb-20,3248.924997
4-Feb-20,3297.588216
5-Feb-20,3334.694287
6-Feb-20,3345.780862
7-Feb-20,3327.706868
10-Feb-20,3352.093951
11-Feb-20,3357.747261
12-Feb-20,3379.45219
13-Feb-20,3373.937371
14-Feb-20,3380.157376
17-Feb-20,
18-Feb-20,3370.286481
19-Feb-20,3386.152718
20-Feb-20,3373.231506
21-Feb-20,3337.747018
24-Feb-20,3225.886402
25-Feb-20,3128.206581
26-Feb-20,3116.389849
27-Feb-20,2978.757832
28-Feb-20,2954.223684
2-Mar-20,3090.23284
3-Mar-20,3003.365172
4-Mar-20,3130.116879
5-Mar-20,3023.940311
6-Mar-20,2972.371907
9-Mar-20,2746.559575
10-Mar-20,2882.225499
11-Mar-20,2741.383588
12-Mar-20,2480.641062
13-Mar-20,2711.021693
16-Mar-20,2386.133933
17-Mar-20,2529.194199
18-Mar-20,2398.095221
19-Mar-20,2409.386593
20-Mar-20,2304.9163
23-Mar-20,2237.395398
24-Mar-20,2447.330368
25-Mar-20,2475.558335
26-Mar-20,2630.067156
27-Mar-20,2541.469651
30-Mar-20,2626.645761
31-Mar-20,2584.59076
1-Apr-20,2470.50441
2-Apr-20,2526.90277
3-Apr-20,2488.648448
6-Apr-20,2663.683764
7-Apr-20,2659.410632
8-Apr-20,2749.977696
9-Apr-20,2789.817333
10-Apr-20,
13-Apr-20,2761.62721
14-Apr-20,2846.061093
15-Apr-20,2783.362097
16-Apr-20,2799.552319
17-Apr-20,2874.564552
20-Apr-20,2823.156372
21-Apr-20,2736.563247
22-Apr-20,2799.314751
23-Apr-20,2797.796607
24-Apr-20,2836.739711
27-Apr-20,2878.479916
28-Apr-20,2863.39178
29-Apr-20,2939.505388
30-Apr-20,2912.430525
1-May-20,2830.705049
4-May-20,2842.739065
5-May-20,2868.43539
6-May-20,2848.420665
7-May-20,2881.191449
8-May-20,2929.804663
11-May-20,2930.322833
12-May-20,2870.117419
13-May-20,2819.995847
14-May-20,2852.504186
15-May-20,2863.697499
18-May-20,2953.908346
19-May-20,2922.939685
20-May-20,2971.612178
21-May-20,2948.505568
22-May-20,2955.452689
25-May-20,
26-May-20,2991.765054
27-May-20,3036.133176
28-May-20,3029.733092
29-May-20,3044.305155
1-Jun-20,3055.732871
2-Jun-20,3080.822168
3-Jun-20,3122.870199
4-Jun-20,3112.346436
5-Jun-20,3193.927762
8-Jun-20,3232.385746
9-Jun-20,3207.178056
10-Jun-20,3190.136034
11-Jun-20,3002.095352
12-Jun-20,3041.312324
15-Jun-20,3066.588842
16-Jun-20,3124.739927
17-Jun-20,3113.489062
18-Jun-20,3115.344768
19-Jun-20,3097.74249
22-Jun-20,3117.860833
23-Jun-20,3131.285629
24-Jun-20,3050.334747
25-Jun-20,3083.757684
26-Jun-20,3009.052398
29-Jun-20,3053.238892
30-Jun-20,3100.285129
1-Jul-20,3115.858421
2-Jul-20,3130.012686
3-Jul-20,
6-Jul-20,3179.718754
7-Jul-20,3145.318
8-Jul-20,3169.943156
9-Jul-20,3152.048633
10-Jul-20,3185.042315
13-Jul-20,3155.223607
14-Jul-20,3197.522367
15-Jul-20,3226.559323
16-Jul-20,3215.574028
17-Jul-20,3224.730702
20-Jul-20,3251.84212
21-Jul-20,3257.298011
22-Jul-20,3276.016024
23-Jul-20,3235.663248
24-Jul-20,3215.629801
27-Jul-20,3239.406302
28-Jul-20,3218.435235
29-Jul-20,3258.438985
30-Jul-20,3246.22457
31-Jul-20,3271.12488
3-Aug-20,3294.613366
4-Aug-20,3306.507552
5-Aug-20,3327.771072
6-Aug-20,3349.156007
7-Aug-20,3351.283233
10-Aug-20,3360.472744
11-Aug-20,3333.689142
12-Aug-20,3380.349765
13-Aug-20,3373.425727
14-Aug-20,3372.846828
17-Aug-20,3381.994973
18-Aug-20,3389.775019
19-Aug-20,3374.850266
20-Aug-20,3385.51352
21-Aug-20,3397.157731
24-Aug-20,3431.282091
25-Aug-20,3443.622112
26-Aug-20,3478.732344
27-Aug-20,3484.550291
28-Aug-20,3508.014749
31-Aug-20,3500.30852
1-Sep-20,3526.651303
2-Sep-20,3580.844334
3-Sep-20,3455.064907
4-Sep-20,3426.963908
7-Sep-20,
8-Sep-20,3331.842834
9-Sep-20,3398.959339
10-Sep-20,3339.185066
11-Sep-20,3340.966175
14-Sep-20,3383.541642
15-Sep-20,3401.200967
16-Sep-20,3385.490996
17-Sep-20,3357.00997
18-Sep-20,3319.465835
21-Sep-20,3281.059021
22-Sep-20,3315.566343
23-Sep-20,3236.920438
24-Sep-20,3246.587619
25-Sep-20,3298.45686
28-Sep-20,3351.599563
29-Sep-20,3335.474938
30-Sep-20,3362.998988
1-Oct-20,3380.798563
2-Oct-20,3348.443749
5-Oct-20,3408.626824
6-Oct-20,3360.952059
7-Oct-20,3419.449304
8-Oct-20,3446.828368
9-Oct-20,3477.134264
12-Oct-20,3534.215962
13-Oct-20,3511.92992
14-Oct-20,3488.666045
15-Oct-20,3483.341378
16-Oct-20,3483.807843
19-Oct-20,3426.924084
20-Oct-20,3443.11676
21-Oct-20,3435.555462
22-Oct-20,3453.490181
23-Oct-20,3465.387216
26-Oct-20,3400.968198
27-Oct-20,3390.684428
28-Oct-20,3271.027385
29-Oct-20,3310.112802
30-Oct-20,3269.959086
2-Nov-20,3310.241435
3-Nov-20,3369.15662
4-Nov-20,3443.437073
5-Nov-20,3510.447553
6-Nov-20,3509.436483
9-Nov-20,3550.499419
10-Nov-20,3545.533125
11-Nov-20,3572.660382
12-Nov-20,3537.00948
13-Nov-20,3585.153535
16-Nov-20,3626.907585
17-Nov-20,3609.531705
18-Nov-20,3567.789064
19-Nov-20,3581.866852
20-Nov-20,3557.543841
23-Nov-20,3577.590441
24-Nov-20,3635.406252
25-Nov-20,3629.645973
26-Nov-20,
27-Nov-20,3638.353586
30-Nov-20,3621.633431
1-Dec-20,3662.453289
2-Dec-20,3669.005626
3-Dec-20,3666.716071
4-Dec-20,3699.121382
7-Dec-20,3691.963498
8-Dec-20,3702.247987
9-Dec-20,3672.819708
10-Dec-20,3668.103713
11-Dec-20,3663.457943
14-Dec-20,3647.493209
15-Dec-20,3694.622076
16-Dec-20,3701.173828
17-Dec-20,3722.482193
18-Dec-20,3709.408375
21-Dec-20,3694.9197
22-Dec-20,3687.26048
23-Dec-20,3690.013797
24-Dec-20,3703.057834
25-Dec-20,
28-Dec-20,3735.355726
29-Dec-20,3727.040078
30-Dec-20,3732.041998
31-Dec-20,3756.071469
1-Jan-21,
4-Jan-21,3700.64683
5-Jan-21,3726.85581
6-Jan-21,3748.137823
7-Jan-21,3803.790392
8-Jan-21,3824.680944
11-Jan-21,3799.605166
12-Jan-21,3801.191142
13-Jan-21,3809.843285
14-Jan-21,3795.541366
15-Jan-21,3768.24629
18-Jan-21,
19-Jan-21,3798.907531
20-Jan-21,3851.845936
21-Jan-21,3853.073298
22-Jan-21,3841.465571
25-Jan-21,3855.355735
26-Jan-21,3849.621265
27-Jan-21,3750.773205
28-Jan-21,3787.376856
29-Jan-21,3714.24269
1-Feb-21,3773.857104
2-Feb-21,3826.312895
3-Feb-21,3830.172536
4-Feb-21,3871.740604
5-Feb-21,3886.831681
8-Feb-21,3915.588575
9-Feb-21,3911.227665
10-Feb-21,3909.879748
11-Feb-21,3916.37501
12-Feb-21,3934.833673
15-Feb-21,
16-Feb-21,3932.589251
17-Feb-21,3931.330516
18-Feb-21,3913.971292
19-Feb-21,3906.707848
22-Feb-21,3876.499884
23-Feb-21,3881.368924
24-Feb-21,3925.427648
25-Feb-21,3829.336091
26-Feb-21,3811.14975
1-Mar-21,3901.815586
2-Mar-21,3870.293829
3-Mar-21,3819.716534
4-Mar-21,3768.473666
5-Mar-21,3841.941371
8-Mar-21,3821.346679
9-Mar-21,3875.442473
10-Mar-21,3898.805102
11-Mar-21,3939.338393
12-Mar-21,3943.342795
15-Mar-21,3968.937213
16-Mar-21,3962.707533
17-Mar-21,3974.116307
18-Mar-21,3915.461274
19-Mar-21,3913.099205
22-Mar-21,3940.585237
23-Mar-21,3910.515836
24-Mar-21,3889.141982
25-Mar-21,3909.515508
26-Mar-21,3974.536873
29-Mar-21,3971.094741
30-Mar-21,3958.552335
31-Mar-21,3972.892208
1-Apr-21,4019.865445
2-Apr-21,
5-Apr-21,4077.913702
6-Apr-21,4073.940668
7-Apr-21,4079.952926
8-Apr-21,4097.168046
9-Apr-21,4128.80208
12-Apr-21,4127.993234
13-Apr-21,4141.593759
14-Apr-21,4124.66063
15-Apr-21,4170.42279
16-Apr-21,4185.468711
19-Apr-21,4163.258095
20-Apr-21,4134.939425
21-Apr-21,4173.421559
22-Apr-21,4134.981665
23-Apr-21,4180.167376
26-Apr-21,4187.61747
27-Apr-21,4186.718222
28-Apr-21,4183.183002
29-Apr-21,4211.474874
30-Apr-21,4181.174895
3-May-21,4192.657608
4-May-21,4164.659037
5-May-21,4167.587767
6-May-21,4201.61878
7-May-21,4232.601378
10-May-21,4188.42735
11-May-21,4152.095308
12-May-21,4063.03788
13-May-21,4112.496014
14-May-21,4173.854094
17-May-21,4163.290455
18-May-21,4127.829825
19-May-21,4115.676785
20-May-21,4159.124418
21-May-21,4155.857812
24-May-21,4197.047252
25-May-21,4188.134113
26-May-21,4195.993634
27-May-21,4200.875802
28-May-21,4204.110546
31-May-21,
1-Jun-21,4202.041609
2-Jun-21,4208.11922
3-Jun-21,4192.854814
4-Jun-21,4229.890604
7-Jun-21,4226.520178
8-Jun-21,4227.255004
9-Jun-21,4219.546831
10-Jun-21,4239.184154
11-Jun-21,4247.439785
14-Jun-21,4255.15033
15-Jun-21,4246.593978
16-Jun-21,4223.704192
17-Jun-21,4221.858332
18-Jun-21,4166.453237
21-Jun-21,4224.787804
22-Jun-21,4246.435018
23-Jun-21,4241.835989
24-Jun-21,4266.485781
25-Jun-21,4280.702422
28-Jun-21,4290.607785
29-Jun-21,4291.801656
30-Jun-21,4297.496632
1-Jul-21,4319.940081
2-Jul-21,4352.338879
5-Jul-21,
6-Jul-21,4343.543069
7-Jul-21,4358.133227
8-Jul-21,4320.817646
9-Jul-21,4369.550998
12-Jul-21,4384.625725
13-Jul-21,4369.209766
14-Jul-21,4374.296633
15-Jul-21,4360.026744
16-Jul-21,4327.158154
19-Jul-21,4258.492631
20-Jul-21,4323.058604
21-Jul-21,4358.693294
22-Jul-21,4367.47506
23-Jul-21,4411.792422
26-Jul-21,4422.303542
27-Jul-21,4401.463058
28-Jul-21,4400.635507
29-Jul-21,4419.148765
30-Jul-21,4395.263972
2-Aug-21,4387.155946
3-Aug-21,4423.153624
4-Aug-21,4402.661048
5-Aug-21,4429.102989
6-Aug-21,4436.517757
9-Aug-21,4432.352995
10-Aug-21,4436.752879
11-Aug-21,4447.703577
12-Aug-21,4460.831919
13-Aug-21,4468.003244
16-Aug-21,4479.70872
17-Aug-21,4448.075405
18-Aug-21,4400.266336
19-Aug-21,4405.802893
20-Aug-21,4441.665182
23-Aug-21,4479.530464
24-Aug-21,4486.234137
25-Aug-21,4496.190894
26-Aug-21,4469.996354
27-Aug-21,4509.369089
30-Aug-21,4528.793664
31-Aug-21,4522.680119
1-Sep-21,4524.092271
2-Sep-21,4536.946164
3-Sep-21,4535.432645
6-Sep-21,
7-Sep-21,4520.027755
8-Sep-21,4514.068525
9-Sep-21,4493.284297
10-Sep-21,4458.579855
13-Sep-21,4468.726298
14-Sep-21,4443.049865
15-Sep-21,4480.701494
16-Sep-21,4473.752752
17-Sep-21,4432.98748
20-Sep-21,4357.727866
21-Sep-21,4354.188856
22-Sep-21,4395.637139
23-Sep-21,4448.984053
24-Sep-21,4455.477916
27-Sep-21,4443.110401
28-Sep-21,4352.634347
29-Sep-21,4359.461058
30-Sep-21,4307.538751
1-Oct-21,4357.038875
4-Oct-21,4300.459012
5-Oct-21,4345.71622
6-Oct-21,4363.545162
7-Oct-21,4399.763308
8-Oct-21,4391.338052
11-Oct-21,4361.190486
12-Oct-21,4350.645968
13-Oct-21,4363.804508
14-Oct-21,4438.26438
15-Oct-21,4471.368454
18-Oct-21,4486.460492
19-Oct-21,4519.630612
20-Oct-21,4536.19214
21-Oct-21,4549.781347
22-Oct-21,4544.898253
25-Oct-21,4566.478002
26-Oct-21,4574.788837
27-Oct-21,4551.681135
28-Oct-21,4596.415079
29-Oct-21,4605.376648
1-Nov-21,4613.673008
2-Nov-21,4630.653361
3-Nov-21,4660.569583
4-Nov-21,4680.055843
5-Nov-21,4697.526805
8-Nov-21,4701.702043
9-Nov-21,4685.251177
10-Nov-21,4646.707668
11-Nov-21,4649.269203
12-Nov-21,4682.847396
15-Nov-21,4682.803544
16-Nov-21,4700.89713
17-Nov-21,4688.6707
18-Nov-21,4704.541943
19-Nov-21,4697.955106
22-Nov-21,4682.943948
23-Nov-21,4690.698051
24-Nov-21,4701.464854
25-Nov-21,
26-Nov-21,4594.618278
29-Nov-21,4655.270189
30-Nov-21,4567.001494
1-Dec-21,4513.036155
2-Dec-21,4577.100532
3-Dec-21,4538.427865
6-Dec-21,4591.671795
7-Dec-21,4686.745461
8-Dec-21,4701.207864
9-Dec-21,4667.453953
10-Dec-21,4712.024136
13-Dec-21,4668.972086
14-Dec-21,4634.087615
15-Dec-21,4709.853905
16-Dec-21,4668.671197
17-Dec-21,4620.638985
20-Dec-21,4568.017243
21-Dec-21,4649.226641
22-Dec-21,4696.561572
23-Dec-21,4725.788242
24-Dec-21,
27-Dec-21,4791.191955
28-Dec-21,4786.354117
29-Dec-21,4793.058121
30-Dec-21,4778.726906
31-Dec-21,4766.182972
3-Jan-22,4796.561248
4-Jan-22,4793.537223
5-Jan-22,4700.578368
6-Jan-22,4696.053828
7-Jan-22,4677.027657
10-Jan-22,4670.290379
11-Jan-22,4713.067322
12-Jan-22,4726.345723
13-Jan-22,4659.02549
14-Jan-22,4662.854119
17-Jan-22,
18-Jan-22,4577.108401
19-Jan-22,4532.759623
20-Jan-22,4482.727603
21-Jan-22,4397.939175
24-Jan-22,4410.127426
25-Jan-22,4356.453875
26-Jan-22,4349.928636
27-Jan-22,4326.513682
28-Jan-22,4431.849119
31-Jan-22,4515.547579
1-Feb-22,4546.539026
2-Feb-22,4589.37656
3-Feb-22,4477.441954
4-Feb-22,4500.531457
7-Feb-22,4483.865293
8-Feb-22,4521.538866
9-Feb-22,4587.178889
10-Feb-22,4504.084787
11-Feb-22,4418.636517
14-Feb-22,4401.666982
15-Feb-22,4471.074247
16-Feb-22,4475.0111
17-Feb-22,4380.258563
18-Feb-22,4348.869197
21-Feb-22,
22-Feb-22,4304.757602
23-Feb-22,4225.504881
24-Feb-22,4288.696013
25-Feb-22,4384.654491
28-Feb-22,4373.939149
1-Mar-22,4306.258893
2-Mar-22,4386.544091
3-Mar-22,4363.486749
4-Mar-22,4328.872886
7-Mar-22,4201.087793
8-Mar-22,4170.704104
9-Mar-22,4277.880102
10-Mar-22,4259.524999
11-Mar-22,4204.311851
14-Mar-22,4173.111725
15-Mar-22,4262.445606
16-Mar-22,4357.857096
17-Mar-22,4411.667616
18-Mar-22,4463.11759
21-Mar-22,4461.180137
22-Mar-22,4511.606159
23-Mar-22,4456.236047
24-Mar-22,4520.161526
25-Mar-22,4543.056379
28-Mar-22,4575.516325
29-Mar-22,4631.604852
30-Mar-22,4602.448612
31-Mar-22,4530.413452
1-Apr-22,4545.855537
4-Apr-22,4582.636094
5-Apr-22,4525.12211
6-Apr-22,4481.153336
7-Apr-22,4500.209423
8-Apr-22,4488.281751
11-Apr-22,4412.528779
12-Apr-22,4397.447236
13-Apr-22,4446.591793
14-Apr-22,4392.587662
15-Apr-22,
18-Apr-22,4391.690372
19-Apr-22,4462.210079
20-Apr-22,4459.450335
21-Apr-22,4393.663475
22-Apr-22,4271.775619
25-Apr-22,4296.116465
26-Apr-22,4175.197276
27-Apr-22,4183.955297
28-Apr-22,4287.501063
29-Apr-22,4131.92641
2-May-22,4155.377569
3-May-22,4175.475703
4-May-22,4300.173766
5-May-22,4146.867602
6-May-22,4123.33565
9-May-22,3991.23738
10-May-22,4001.054695
11-May-22,3935.184603
12-May-22,3930.081903
13-May-22,4023.89127
16-May-22,4008.010483
17-May-22,4088.850412
18-May-22,3923.679764
19-May-22,3900.786939
20-May-22,3901.360576
23-May-22,3973.751583
24-May-22,3941.476943
25-May-22,3978.732681
26-May-22,4057.84078
27-May-22,4158.238361
30-May-22,
31-May-22,4132.147782
1-Jun-22,4101.229812
2-Jun-22,4176.817943
3-Jun-22,4108.535408
6-Jun-22,4121.429431
7-Jun-22,4160.683327
8-Jun-22,4115.772471
9-Jun-22,4017.818495
10-Jun-22,3900.864476
13-Jun-22,3749.627287
14-Jun-22,3735.483134
15-Jun-22,3789.986325
16-Jun-22,3666.767502
17-Jun-22,3674.84136
20-Jun-22,
21-Jun-22,3764.787971
22-Jun-22,3759.893112
23-Jun-22,3795.727406
24-Jun-22,3911.743851
27-Jun-22,3900.114131
28-Jun-22,3821.545859
29-Jun-22,3818.832719
30-Jun-22,3785.384846
1-Jul-22,3825.326105
4-Jul-22,
5-Jul-22,3831.390402
6-Jul-22,3845.081223
7-Jul-22,3902.622495
8-Jul-22,3899.377148
11-Jul-22,3854.433263
12-Jul-22,3818.797783
13-Jul-22,3801.780627
14-Jul-22,3790.377382
15-Jul-22,3863.162827
18-Jul-22,3830.852851
19-Jul-22,3936.68953
20-Jul-22,3959.89872
21-Jul-22,3998.95142
22-Jul-22,3961.634881
25-Jul-22,3966.844984
26-Jul-22,3921.049611
27-Jul-22,4023.612423
28-Jul-22,4072.4343
29-Jul-22,4130.285774
1-Aug-22,4118.629566
2-Aug-22,4091.185103
3-Aug-22,4155.172736
4-Aug-22,4151.944184
5-Aug-22,4145.189077
8-Aug-22,4140.058351
9-Aug-22,4122.465867
10-Aug-22,4210.240513
11-Aug-22,4207.274432
12-Aug-22,4280.150528
15-Aug-22,4297.143481
16-Aug-22,4305.199324
17-Aug-22,4274.038653
18-Aug-22,4283.742822
19-Aug-22,4228.478488
22-Aug-22,4137.985374
23-Aug-22,4128.728611
24-Aug-22,4140.768431
25-Aug-22,4199.119587
26-Aug-22,4057.663071
29-Aug-22,4030.612996
30-Aug-22,3986.161883
31-Aug-22,3954.999001
1-Sep-22,3966.850262
2-Sep-22,3924.25958
5-Sep-22,
6-Sep-22,3908.189988
7-Sep-22,3979.874896
8-Sep-22,4006.179117
9-Sep-22,4067.362325
12-Sep-22,4110.40806
13-Sep-22,3932.6933
14-Sep-22,3946.012382
15-Sep-22,3901.352835
16-Sep-22,3873.334273
19-Sep-22,3899.885942
20-Sep-22,3855.934321
21-Sep-22,3789.932741
22-Sep-22,3757.991178
23-Sep-22,3693.233529
26-Sep-22,3655.042215
27-Sep-22,3647.289929
28-Sep-22,3719.03873
29-Sep-22,3640.46814
30-Sep-22,3585.624104
